Country,Year,undesa_net_number_of_migrants
World,1955,1
More developed regions,1955,128609
Less developed regions,1955,-128608
Least developed countries,1955,-500341
"Less developed regions, excluding least developed countries",1955,371733
"Less developed regions, excluding China",1955,-84446
Land-locked Developing Countries (LLDC),1955,489194
Small Island Developing States (SIDS),1955,-504045
High-income countries,1955,1215432
Middle-income countries,1955,-203824
Upper-middle-income countries,1955,-566222
Lower-middle-income countries,1955,362398
Low-income countries,1955,-1006641
No income group available,1955,-4966
Africa,1955,-609683
Asia,1955,993748
Europe,1955,-1751713
Latin America and the Caribbean,1955,-473777
Northern America,1955,1421903
Oceania,1955,419523
Sub-Saharan Africa,1955,-186573
Eastern Africa,1955,-100487
Burundi,1955,-69947
Comoros,1955,0
Djibouti,1955,999
Eritrea,1955,997
Ethiopia,1955,-19999
Kenya,1955,0
Madagascar,1955,0
Malawi,1955,0
Mauritius,1955,2662
Mayotte,1955,2619
Mozambique,1955,-23500
Reunion,1955,2545
Rwanda,1955,0
Seychelles,1955,-2373
Somalia,1955,0
South Sudan,1955,0
Uganda,1955,0
 Tanzania,1955,10017
Zambia,1955,0
Zimbabwe,1955,-4507
Middle Africa,1955,-6140
Angola,1955,0
Cameroon,1955,0
Central African Republic,1955,0
Chad,1955,0
Congo,1955,0
Democratic Republic of Congo,1955,0
Equatorial Guinea,1955,0
Gabon,1955,2999
Sao Tome and Principe,1955,-9139
Southern Africa,1955,-25871
Botswana,1955,-7655
Eswatini,1955,-5676
Lesotho,1955,-20000
Namibia,1955,0
South Africa,1955,7460
Western Africa,1955,-54075
Benin,1955,-23001
Burkina Faso,1955,-102159
Cape Verde,1955,-5926
Cote d'Ivoire,1955,69380
Gambia,1955,0
Ghana,1955,60002
Guinea,1955,0
Guinea-Bissau,1955,-10001
Liberia,1955,-13
Mali,1955,-35031
Mauritania,1955,-1300
Niger,1955,5001
Nigeria,1955,3368
Senegal,1955,33033
Sierra Leone,1955,0
Togo,1955,-46919
Northern Africa and Western Asia,1955,-160184
Northern Africa,1955,-423110
Algeria,1955,-359943
Egypt,1955,-50100
Libya,1955,0
Morocco,1955,0
Sudan,1955,0
Tunisia,1955,-18667
Western Sahara,1955,5600
Western Asia,1955,262926
Armenia,1955,49863
Azerbaijan,1955,0
Bahrain,1955,3080
Cyprus,1955,-13800
Georgia,1955,44882
Iraq,1955,-550
Israel,1955,236870
Jordan,1955,123094
Kuwait,1955,3850
Lebanon,1955,1615
Oman,1955,-10000
Qatar,1955,5687
Saudi Arabia,1955,26289
Palestine,1955,-68816
Syria,1955,-70000
Turkey,1955,-19000
United Arab Emirates,1955,-138
Yemen,1955,-50000
 Central and Southern Asia,1955,525786
Central Asia,1955,768007
Kazakhstan,1955,511180
Kyrgyzstan,1955,17524
Tajikistan,1955,58359
Turkmenistan,1955,8725
Uzbekistan,1955,172219
Southern Asia,1955,-242221
Afghanistan,1955,-20000
Bangladesh,1955,-55096
Bhutan,1955,5000
India,1955,-105701
Iran,1955,-1088
Maldives,1955,-22
Nepal,1955,-40559
Pakistan,1955,-8255
Sri Lanka,1955,-16500
 Eastern and South-Eastern Asia,1955,205036
Eastern Asia,1955,-179625
China,1955,-256027
Hong Kong,1955,149239
Macao,1955,-32375
 Taiwan,1955,95002
North Korea,1955,-568413
Japan,1955,0
Mongolia,1955,0
South Korea,1955,432950
South-Eastern Asia,1955,384661
Brunei,1955,6699
Cambodia,1955,0
Indonesia,1955,378717
Laos,1955,-10
Malaysia,1955,-17181
Myanmar,1955,0
Philippines,1955,-49122
Singapore,1955,65558
Thailand,1955,0
Timor-Leste,1955,0
Vietnam,1955,0
Latin America and the Caribbean,1955,-473777
Caribbean,1955,-505484
Antigua and Barbuda,1955,-973
Aruba,1955,-1580
Bahamas,1955,-921
Barbados,1955,-5960
Cuba,1955,-30000
Curacao,1955,2619
Dominican Republic,1955,-18957
Grenada,1955,-6100
Guadeloupe,1955,-2805
Haiti,1955,-29999
Jamaica,1955,-38941
Martinique,1955,-8004
Puerto Rico,1955,-335936
Saint Lucia,1955,-8729
Saint Vincent and the Grenadines,1955,-5228
Trinidad and Tobago,1955,-3821
United States Virgin Islands,1955,-302
Central America,1955,-321848
Belize,1955,-2956
Costa Rica,1955,4912
El Salvador,1955,-62152
Guatemala,1955,-2865
Honduras,1955,-2001
Mexico,1955,-231909
Nicaragua,1955,-10810
Panama,1955,-14066
South America,1955,353555
Argentina,1955,280091
Bolivia,1955,-23860
Brazil,1955,298175
Chile,1955,-123955
Colombia,1955,-208405
Ecuador,1955,-2000
French Guiana,1955,231
Guyana,1955,1676
Paraguay,1955,-79370
Peru,1955,-15500
Suriname,1955,-3423
Uruguay,1955,10000
Venezuela,1955,220074
Australia/New Zealand,1955,458419
Australia,1955,396007
New Zealand,1955,62412
Oceania (excluding Australia and New Zealand),1955,-38896
Melanesia,1955,-21080
Fiji,1955,-7225
New Caledonia,1955,-3462
Papua New Guinea,1955,-12324
Solomon Islands,1955,2826
Vanuatu,1955,-895
Micronesia (country),1955,-5175
Guam,1955,-3842
Kiribati,1955,-646
Micronesia (region),1955,456
Polynesia,1955,-12641
French Polynesia,1955,-1286
Samoa,1955,-4981
Tonga,1955,-1343
Europe and Northern America,1955,-329810
Europe,1955,-1751713
Eastern Europe,1955,-170984
Belarus,1955,-388179
Bulgaria,1955,-100895
Czechia,1955,59997
Hungary,1955,24754
Poland,1955,0
Moldova,1955,90096
Romania,1955,-2001
Russia,1955,32795
Slovakia,1955,68523
Ukraine,1955,43926
Northern Europe,1955,-598684
Channel Islands,1955,2186
Denmark,1955,-18280
Estonia,1955,36999
Finland,1955,-32540
Iceland,1955,-413
Ireland,1955,-170354
Latvia,1955,28718
Lithuania,1955,-73350
Norway,1955,-3962
Sweden,1955,52052
United Kingdom,1955,-415028
Southern Europe,1955,-1170242
Albania,1955,-99
Bosnia and Herzegovina,1955,-50002
Croatia,1955,-18
Greece,1955,-70009
Italy,1955,-236164
Malta,1955,-29215
Montenegro,1955,9999
North Macedonia,1955,0
Portugal,1955,-307374
Serbia,1955,35206
Slovenia,1955,-20000
Spain,1955,-505033
Western Europe,1955,188197
Austria,1955,-77999
Belgium,1955,53710
France,1955,214483
Germany,1955,-42001
Luxembourg,1955,5756
Netherlands,1955,-84929
Switzerland,1955,119036
Northern America,1955,1421903
Canada,1955,555781
United States,1955,867763
World,1960,0
More developed regions,1960,142046
Less developed regions,1960,-142046
Least developed countries,1960,-646494
"Less developed regions, excluding least developed countries",1960,504448
"Less developed regions, excluding China",1960,-207733
Land-locked Developing Countries (LLDC),1960,784908
Small Island Developing States (SIDS),1960,-541831
High-income countries,1960,2418273
Middle-income countries,1960,-1951782
Upper-middle-income countries,1960,-1514093
Lower-middle-income countries,1960,-437689
Low-income countries,1960,-469450
No income group available,1960,2959
Africa,1960,-736133
Asia,1960,1658823
Europe,1960,-2885098
Latin America and the Caribbean,1960,-1138508
Northern America,1960,2688711
Oceania,1960,412205
Sub-Saharan Africa,1960,-344753
Eastern Africa,1960,-122621
Burundi,1960,-70048
Comoros,1960,-6116
Djibouti,1960,5000
Eritrea,1960,3000
Ethiopia,1960,-20000
Kenya,1960,0
Madagascar,1960,0
Malawi,1960,0
Mauritius,1960,-8096
Mayotte,1960,2459
Mozambique,1960,-23500
Reunion,1960,-3943
Rwanda,1960,0
Seychelles,1960,-2561
Somalia,1960,-1328
South Sudan,1960,0
Uganda,1960,0
 Tanzania,1960,10017
Zambia,1960,0
Zimbabwe,1960,-7504
Middle Africa,1960,-100866
Angola,1960,-172887
Cameroon,1960,0
Central African Republic,1960,0
Chad,1960,-2500
Congo,1960,0
Democratic Republic of Congo,1960,75000
Equatorial Guinea,1960,0
Gabon,1960,2999
Sao Tome and Principe,1960,-3478
Southern Africa,1960,-49748
Botswana,1960,-30622
Eswatini,1960,-8048
Lesotho,1960,-25998
Namibia,1960,0
South Africa,1960,14920
Western Africa,1960,-71518
Benin,1960,-23001
Burkina Faso,1960,-102159
Cape Verde,1960,-22773
Cote d'Ivoire,1960,100515
Gambia,1960,5041
Ghana,1960,60003
Guinea,1960,0
Guinea-Bissau,1960,-9982
Liberia,1960,7983
Mali,1960,-49070
Mauritania,1960,-1600
Niger,1960,-25124
Nigeria,1960,2706
Senegal,1960,44046
Sierra Leone,1960,0
Togo,1960,-57336
Northern Africa and Western Asia,1960,-79490
Northern Africa,1960,-391380
Algeria,1960,-191853
Egypt,1960,-50100
Libya,1960,46022
Morocco,1960,-13001
Sudan,1960,0
Tunisia,1960,-190748
Western Sahara,1960,8300
Western Asia,1960,311890
Armenia,1960,59930
Azerbaijan,1960,0
Bahrain,1960,7861
Cyprus,1960,-6648
Georgia,1960,68186
Iraq,1960,-1100
Israel,1960,168566
Jordan,1960,119958
Kuwait,1960,52750
Lebanon,1960,40000
Oman,1960,-10000
Qatar,1960,4553
Saudi Arabia,1960,25969
Palestine,1960,-67957
Syria,1960,-15000
Turkey,1960,-60003
United Arab Emirates,1960,-175
Yemen,1960,-75000
 Central and Southern Asia,1960,809851
Central Asia,1960,1151386
Kazakhstan,1960,985780
Kyrgyzstan,1960,28204
Tajikistan,1960,8361
Turkmenistan,1960,30021
Uzbekistan,1960,99020
Southern Asia,1960,-341535
Afghanistan,1960,-20000
Bangladesh,1960,1484
Bhutan,1960,5000
India,1960,-154023
Iran,1960,-1947
Maldives,1960,-116
Nepal,1960,-80231
Pakistan,1960,-16702
Sri Lanka,1960,-75000
 Eastern and South-Eastern Asia,1960,537082
Eastern Asia,1960,276083
China,1960,-59500
Hong Kong,1960,163967
Macao,1960,-43780
 Taiwan,1960,5000
North Korea,1960,0
Japan,1960,-99999
Mongolia,1960,0
South Korea,1960,310395
South-Eastern Asia,1960,260999
Brunei,1960,7008
Cambodia,1960,0
Indonesia,1960,402680
Laos,1960,46
Malaysia,1960,-62842
Myanmar,1960,0
Philippines,1960,-153917
Singapore,1960,68024
Thailand,1960,0
Timor-Leste,1960,0
Vietnam,1960,0
Latin America and the Caribbean,1960,-1138508
Caribbean,1960,-530265
Antigua and Barbuda,1960,-1498
Aruba,1960,2784
Bahamas,1960,7881
Barbados,1960,-18629
Cuba,1960,-55000
Curacao,1960,-5986
Dominican Republic,1960,-31722
Grenada,1960,-5730
Guadeloupe,1960,5503
Haiti,1960,-34999
Jamaica,1960,-149844
Martinique,1960,35
Puerto Rico,1960,-207687
Saint Lucia,1960,-12530
Saint Vincent and the Grenadines,1960,-6270
Trinidad and Tobago,1960,-3686
United States Virgin Islands,1960,-537
Central America,1960,-366497
Belize,1960,-2744
Costa Rica,1960,7137
El Salvador,1960,-43880
Guatemala,1960,-4247
Honduras,1960,-12002
Mexico,1960,-287484
Nicaragua,1960,-11020
Panama,1960,-12257
South America,1960,-241746
Argentina,1960,140833
Bolivia,1960,-11760
Brazil,1960,0
Chile,1960,-129110
Colombia,1960,-232794
Ecuador,1960,-7999
French Guiana,1960,706
Guyana,1960,-1305
Paraguay,1960,-75020
Peru,1960,-19500
Suriname,1960,-5416
Uruguay,1960,20000
Venezuela,1960,79820
Australia/New Zealand,1960,438432
Australia,1960,399557
New Zealand,1960,38875
Oceania (excluding Australia and New Zealand),1960,-26227
Melanesia,1960,-2794
Fiji,1960,-10676
New Caledonia,1960,2454
Papua New Guinea,1960,3155
Solomon Islands,1960,3152
Vanuatu,1960,-879
Micronesia (country),1960,-5337
Guam,1960,-4552
Kiribati,1960,-766
Micronesia (region),1960,447
Polynesia,1960,-18096
French Polynesia,1960,-2427
Samoa,1960,-4473
Tonga,1960,-4686
Europe and Northern America,1960,-196387
Europe,1960,-2885098
Eastern Europe,1960,-2054472
Belarus,1960,-164536
Bulgaria,1960,-43465
Czechia,1960,-36387
Hungary,1960,-174316
Poland,1960,-268051
Moldova,1960,141570
Romania,1960,-2001
Russia,1960,-1202955
Slovakia,1960,17987
Ukraine,1960,-322318
Northern Europe,1960,-92412
Channel Islands,1960,2251
Denmark,1960,-32640
Estonia,1960,26899
Finland,1960,-27747
Iceland,1960,323
Ireland,1960,-207241
Latvia,1960,66970
Lithuania,1960,-24501
Norway,1960,-9438
Sweden,1960,47266
United Kingdom,1960,69966
Southern Europe,1960,-1718532
Albania,1960,-99
Bosnia and Herzegovina,1960,-50002
Croatia,1960,-18
Greece,1960,-201529
Italy,1960,-554545
Malta,1960,-27724
Montenegro,1960,-2001
North Macedonia,1960,-44940
Portugal,1960,-326554
Serbia,1960,-50057
Slovenia,1960,-9672
Spain,1960,-455026
Western Europe,1960,980318
Austria,1960,-52002
Belgium,1960,46636
France,1960,830406
Germany,1960,39829
Luxembourg,1960,4191
Netherlands,1960,-22221
Switzerland,1960,129958
Northern America,1960,2688711
Canada,1960,564799
United States,1960,2124893
World,1965,-1
More developed regions,1965,2510135
Less developed regions,1965,-2510136
Least developed countries,1965,-1005998
"Less developed regions, excluding least developed countries",1965,-1504138
"Less developed regions, excluding China",1965,-1626966
Land-locked Developing Countries (LLDC),1965,543291
Small Island Developing States (SIDS),1965,-762950
High-income countries,1965,4095797
Middle-income countries,1965,-3587178
Upper-middle-income countries,1965,-3631210
Lower-middle-income countries,1965,44032
Low-income countries,1965,-496773
No income group available,1965,-11847
Africa,1965,-1036680
Asia,1965,-45
Europe,1965,209261
Latin America and the Caribbean,1965,-1623833
Northern America,1965,2013491
Oceania,1965,437805
Sub-Saharan Africa,1965,-379735
Eastern Africa,1965,-205584
Burundi,1965,-84989
Comoros,1965,-8491
Djibouti,1965,18000
Eritrea,1965,6997
Ethiopia,1965,-19999
Kenya,1965,-20000
Madagascar,1965,0
Malawi,1965,0
Mauritius,1965,-30869
Mayotte,1965,2314
Mozambique,1965,-23500
Reunion,1965,-2436
Rwanda,1965,-140001
Seychelles,1965,-984
Somalia,1965,-1328
South Sudan,1965,0
Uganda,1965,124999
 Tanzania,1965,25040
Zambia,1965,-35328
Zimbabwe,1965,-15009
Middle Africa,1965,-163881
Angola,1965,-296717
Cameroon,1965,0
Central African Republic,1965,11930
Chad,1965,-5000
Congo,1965,0
Democratic Republic of Congo,1965,122650
Equatorial Guinea,1965,2998
Gabon,1965,9410
Sao Tome and Principe,1965,-9152
Southern Africa,1965,47104
Botswana,1965,-22436
Eswatini,1965,-12011
Lesotho,1965,-24999
Namibia,1965,0
South Africa,1965,106550
Western Africa,1965,-57374
Benin,1965,-24295
Burkina Faso,1965,-144723
Cape Verde,1965,-1167
Cote d'Ivoire,1965,200706
Gambia,1965,5282
Ghana,1965,30000
Guinea,1965,0
Guinea-Bissau,1965,-20001
Liberia,1965,7996
Mali,1965,-70243
Mauritania,1965,-1820
Niger,1965,-11545
Nigeria,1965,1020
Senegal,1965,50002
Sierra Leone,1965,0
Togo,1965,-77885
Northern Africa and Western Asia,1965,-310578
Northern Africa,1965,-656945
Algeria,1965,-282941
Egypt,1965,-50100
Libya,1965,45891
Morocco,1965,-239800
Sudan,1965,0
Tunisia,1965,-142495
Western Sahara,1965,12500
Western Asia,1965,346367
Armenia,1965,70335
Azerbaijan,1965,0
Bahrain,1965,-4195
Cyprus,1965,-43025
Georgia,1965,96284
Iraq,1965,-1862
Israel,1965,209496
Jordan,1965,35715
Kuwait,1965,137000
Lebanon,1965,20000
Oman,1965,-10000
Qatar,1965,16393
Saudi Arabia,1965,125989
Palestine,1965,-77646
Syria,1965,-16000
Turkey,1965,-149999
United Arab Emirates,1965,37882
Yemen,1965,-100000
 Central and Southern Asia,1965,577018
Central Asia,1965,1038973
Kazakhstan,1965,694120
Kyrgyzstan,1965,103107
Tajikistan,1965,53337
Turkmenistan,1965,26783
Uzbekistan,1965,161627
Southern Asia,1965,-461956
Afghanistan,1965,-20000
Bangladesh,1965,-142378
Bhutan,1965,5000
India,1965,-85391
Iran,1965,-7838
Maldives,1965,-581
Nepal,1965,-70000
Pakistan,1965,-93268
Sri Lanka,1965,-47500
 Eastern and South-Eastern Asia,1965,-923430
Eastern Asia,1965,-1103657
China,1965,-1125727
Hong Kong,1965,-27385
Macao,1965,19062
 Taiwan,1965,250880
North Korea,1965,0
Japan,1965,-151351
Mongolia,1965,0
South Korea,1965,-69136
South-Eastern Asia,1965,180227
Brunei,1965,6422
Cambodia,1965,0
Indonesia,1965,449965
Laos,1965,76
Malaysia,1965,-58601
Myanmar,1965,0
Philippines,1965,-218063
Singapore,1965,428
Thailand,1965,0
Timor-Leste,1965,0
Vietnam,1965,0
Latin America and the Caribbean,1965,-1623833
Caribbean,1965,-659858
Antigua and Barbuda,1965,-1880
Aruba,1965,-4323
Bahamas,1965,13873
Barbados,1965,-17960
Cuba,1965,-204043
Curacao,1965,-7752
Dominican Republic,1965,-43490
Grenada,1965,-9450
Guadeloupe,1965,-10981
Haiti,1965,-51997
Jamaica,1965,-143938
Martinique,1965,-8196
Puerto Rico,1965,-91587
Saint Lucia,1965,-9187
Saint Vincent and the Grenadines,1965,-9356
Trinidad and Tobago,1965,-56797
United States Virgin Islands,1965,10270
Central America,1965,-492890
Belize,1965,-2418
Costa Rica,1965,7905
El Salvador,1965,-24031
Guatemala,1965,-10311
Honduras,1965,-29002
Mexico,1965,-409085
Nicaragua,1965,-14020
Panama,1965,-11928
South America,1965,-471085
Argentina,1965,122000
Bolivia,1965,-20760
Brazil,1965,0
Chile,1965,-146900
Colombia,1965,-306563
Ecuador,1965,-9002
French Guiana,1965,3474
Guyana,1965,-14669
Paraguay,1965,-70930
Peru,1965,-29300
Suriname,1965,-11050
Uruguay,1965,-6000
Venezuela,1965,18870
Australia/New Zealand,1965,438734
Australia,1965,384343
New Zealand,1965,54391
Oceania (excluding Australia and New Zealand),1965,-929
Melanesia,1965,7459
Fiji,1965,-3455
New Caledonia,1965,3347
Papua New Guinea,1965,5860
Solomon Islands,1965,2359
Vanuatu,1965,-652
Micronesia (country),1965,-2960
Guam,1965,-2905
Kiribati,1965,-786
Micronesia (region),1965,454
Polynesia,1965,-5428
French Polynesia,1965,3190
Samoa,1965,-3402
Tonga,1965,424
Europe and Northern America,1965,2222752
Europe,1965,209261
Eastern Europe,1965,-1002267
Belarus,1965,-125387
Bulgaria,1965,-1437
Czechia,1965,24999
Hungary,1965,21715
Poland,1965,-62544
Moldova,1965,100890
Romania,1965,-2001
Russia,1965,-1387844
Slovakia,1965,-26427
Ukraine,1965,455769
Northern Europe,1965,203611
Channel Islands,1965,2934
Denmark,1965,2256
Estonia,1965,43228
Finland,1965,-64983
Iceland,1965,-732
Ireland,1965,-105837
Latvia,1965,79651
Lithuania,1965,24715
Norway,1965,-2274
Sweden,1965,80351
United Kingdom,1965,143068
Southern Europe,1965,-1432888
Albania,1965,-99
Bosnia and Herzegovina,1965,-50002
Croatia,1965,1854
Greece,1965,-256690
Italy,1965,-230527
Malta,1965,-11710
Montenegro,1965,-2001
North Macedonia,1965,-40940
Portugal,1965,-545329
Serbia,1965,-88140
Slovenia,1965,-22059
Spain,1965,-193807
Western Europe,1965,2440805
Austria,1965,15996
Belgium,1965,38304
France,1965,1417869
Germany,1965,669314
Luxembourg,1965,8527
Netherlands,1965,11589
Switzerland,1965,277152
Northern America,1965,2013491
Canada,1965,178691
United States,1965,1835728
World,1970,0
More developed regions,1970,3454499
Less developed regions,1970,-3454499
Least developed countries,1970,-1203458
"Less developed regions, excluding least developed countries",1970,-2251041
"Less developed regions, excluding China",1970,-3751178
Land-locked Developing Countries (LLDC),1970,379138
Small Island Developing States (SIDS),1970,-917931
High-income countries,1970,4398284
Middle-income countries,1970,-4201074
Upper-middle-income countries,1970,-2329679
Lower-middle-income countries,1970,-1871395
Low-income countries,1970,-184569
No income group available,1970,-12641
Africa,1970,-1312622
Asia,1970,891945
Europe,1970,-340533
Latin America and the Caribbean,1970,-2194350
Northern America,1970,2168760
Oceania,1970,786800
Sub-Saharan Africa,1970,-445482
Eastern Africa,1970,-100195
Burundi,1970,-57900
Comoros,1970,-5500
Djibouti,1970,25000
Eritrea,1970,4999
Ethiopia,1970,-42182
Kenya,1970,-19535
Madagascar,1970,-8000
Malawi,1970,0
Mauritius,1970,-29156
Mayotte,1970,454
Mozambique,1970,-23500
Reunion,1970,12306
Rwanda,1970,20000
Seychelles,1970,-1110
Somalia,1970,1910
South Sudan,1970,0
Uganda,1970,50004
 Tanzania,1970,36058
Zambia,1970,-22042
Zimbabwe,1970,-42001
Middle Africa,1970,-352707
Angola,1970,-587286
Cameroon,1970,-1000
Central African Republic,1970,13145
Chad,1970,-40950
Congo,1970,0
Democratic Republic of Congo,1970,242939
Equatorial Guinea,1970,5001
Gabon,1970,16187
Sao Tome and Principe,1970,-744
Southern Africa,1970,147718
Botswana,1970,-24198
Eswatini,1970,-3966
Lesotho,1970,-22399
Namibia,1970,-1078
South Africa,1970,199359
Western Africa,1970,-140298
Benin,1970,-23742
Burkina Faso,1970,-144723
Cape Verde,1970,4267
Cote d'Ivoire,1970,200706
Gambia,1970,13403
Ghana,1970,-260132
Guinea,1970,0
Guinea-Bissau,1970,-7230
Liberia,1970,7996
Mali,1970,-98235
Mauritania,1970,-2760
Niger,1970,-11545
Nigeria,1970,-43347
Senegal,1970,86522
Sierra Leone,1970,0
Togo,1970,138923
Northern Africa and Western Asia,1970,-803434
Northern Africa,1970,-867140
Algeria,1970,-121335
Egypt,1970,-239700
Libya,1970,48002
Morocco,1970,-474734
Sudan,1970,0
Tunisia,1970,-96523
Western Sahara,1970,17150
Western Asia,1970,63706
Armenia,1970,103399
Azerbaijan,1970,-40000
Bahrain,1970,-8032
Cyprus,1970,-7843
Georgia,1970,85200
Iraq,1970,-6877
Israel,1970,72440
Jordan,1970,255435
Kuwait,1970,146600
Lebanon,1970,-70002
Oman,1970,-5000
Qatar,1970,21061
Saudi Arabia,1970,187007
Palestine,1970,-281841
Syria,1970,-16000
Turkey,1970,-180001
United Arab Emirates,1970,53823
Yemen,1970,-245662
 Central and Southern Asia,1970,82258
Central Asia,1970,817628
Kazakhstan,1970,173343
Kyrgyzstan,1970,104185
Tajikistan,1970,65780
Turkmenistan,1970,28147
Uzbekistan,1970,446173
Southern Asia,1970,-735370
Afghanistan,1970,-20000
Bangladesh,1970,-161822
Bhutan,1970,10000
India,1970,-342846
Iran,1970,51755
Maldives,1970,-2904
Nepal,1970,-21075
Pakistan,1970,-209978
Sri Lanka,1970,-38500
 Eastern and South-Eastern Asia,1970,745981
Eastern Asia,1970,1037538
China,1970,-160002
Hong Kong,1970,71590
Macao,1970,33602
 Taiwan,1970,351489
North Korea,1970,0
Japan,1970,822703
Mongolia,1970,0
South Korea,1970,-81844
South-Eastern Asia,1970,-291557
Brunei,1970,10843
Cambodia,1970,-248418
Indonesia,1970,556062
Laos,1970,30
Malaysia,1970,-139279
Myanmar,1970,0
Philippines,1970,-470430
Singapore,1970,-365
Thailand,1970,0
Timor-Leste,1970,0
Vietnam,1970,0
Latin America and the Caribbean,1970,-2194350
Caribbean,1970,-792507
Antigua and Barbuda,1970,-1202
Aruba,1970,-4275
Bahamas,1970,13929
Barbados,1970,-13677
Cuba,1970,-248423
Curacao,1970,-4526
Dominican Republic,1970,-56172
Grenada,1970,-9731
Guadeloupe,1970,-15905
Haiti,1970,-58003
Jamaica,1970,-149741
Martinique,1970,-23080
Puerto Rico,1970,-134255
Saint Lucia,1970,-7795
Saint Vincent and the Grenadines,1970,-9706
Trinidad and Tobago,1970,-61309
United States Virgin Islands,1970,3245
Central America,1970,-769492
Belize,1970,-2957
Costa Rica,1970,7827
El Salvador,1970,-44306
Guatemala,1970,-41269
Honduras,1970,-41000
Mexico,1970,-616085
Nicaragua,1970,-19010
Panama,1970,-12692
South America,1970,-632351
Argentina,1970,130000
Bolivia,1970,-23150
Brazil,1970,0
Chile,1970,-196500
Colombia,1970,-338635
Ecuador,1970,-5500
French Guiana,1970,4035
Guyana,1970,-42559
Paraguay,1970,-66170
Peru,1970,-48900
Suriname,1970,-13862
Uruguay,1970,-34000
Venezuela,1970,3160
Australia/New Zealand,1970,803569
Australia,1970,806193
New Zealand,1970,-2624
Oceania (excluding Australia and New Zealand),1970,-16769
Melanesia,1970,-3149
Fiji,1970,-14279
New Caledonia,1970,1406
Papua New Guinea,1970,9476
Solomon Islands,1970,1461
Vanuatu,1970,-1213
Micronesia (country),1970,-2668
Guam,1970,-1442
Kiribati,1970,-917
Micronesia (region),1970,429
Polynesia,1970,-10952
French Polynesia,1970,3344
Samoa,1970,-6803
Tonga,1970,-2881
Europe and Northern America,1970,1828227
Europe,1970,-340533
Eastern Europe,1970,-463665
Belarus,1970,65585
Bulgaria,1970,-6423
Czechia,1970,-129098
Hungary,1970,15731
Poland,1970,-143114
Moldova,1970,74449
Romania,1970,-2001
Russia,1970,-549722
Slovakia,1970,-57838
Ukraine,1970,268767
Northern Europe,1970,61051
Channel Islands,1970,3880
Denmark,1970,21866
Estonia,1970,41204
Finland,1970,-97937
Iceland,1970,-2757
Ireland,1970,-57278
Latvia,1970,70780
Lithuania,1970,26314
Norway,1970,4178
Sweden,1970,130979
United Kingdom,1970,-84853
Southern Europe,1970,-1553988
Albania,1970,-99
Bosnia and Herzegovina,1970,-96958
Croatia,1970,-1225
Greece,1970,-187126
Italy,1970,-231781
Malta,1970,-12601
Montenegro,1970,-53773
North Macedonia,1970,-28981
Portugal,1970,-697165
Serbia,1970,-89744
Slovenia,1970,-14950
Spain,1970,-145936
Western Europe,1970,1616069
Austria,1970,50401
Belgium,1970,47288
France,1970,491613
Germany,1970,871265
Luxembourg,1970,5918
Netherlands,1970,54636
Switzerland,1970,92978
Northern America,1970,2168760
Canada,1970,611117
United States,1970,1556054
World,1975,-2
More developed regions,1975,6525499
Less developed regions,1975,-6525501
Least developed countries,1975,-4400298
"Less developed regions, excluding least developed countries",1975,-2125203
"Less developed regions, excluding China",1975,-5458021
Land-locked Developing Countries (LLDC),1975,-1174739
Small Island Developing States (SIDS),1975,-832944
High-income countries,1975,7428676
Middle-income countries,1975,-5792291
Upper-middle-income countries,1975,-3769547
Lower-middle-income countries,1975,-2022744
Low-income countries,1975,-1541452
No income group available,1975,-94935
Africa,1975,-1924009
Asia,1975,-1164430
Europe,1975,1827084
Latin America and the Caribbean,1975,-2673160
Northern America,1975,3647269
Oceania,1975,287244
Sub-Saharan Africa,1975,-572869
Eastern Africa,1975,-622000
Burundi,1975,-266496
Comoros,1975,-5500
Djibouti,1975,34997
Eritrea,1975,10000
Ethiopia,1975,-59597
Kenya,1975,-17915
Madagascar,1975,-19000
Malawi,1975,-15002
Mauritius,1975,-20463
Mayotte,1975,496
Mozambique,1975,-23500
Reunion,1975,-23731
Rwanda,1975,-20000
Seychelles,1975,168
Somalia,1975,0
South Sudan,1975,25000
Uganda,1975,-276112
 Tanzania,1975,120202
Zambia,1975,-20000
Zimbabwe,1975,-45547
Middle Africa,1975,56190
Angola,1975,199800
Cameroon,1975,-2500
Central African Republic,1975,-50000
Chad,1975,-49050
Congo,1975,0
Democratic Republic of Congo,1975,27450
Equatorial Guinea,1975,-70000
Gabon,1975,2999
Sao Tome and Principe,1975,-2509
Southern Africa,1975,188481
Botswana,1975,3992
Eswatini,1975,-11426
Lesotho,1975,-24048
Namibia,1975,-2696
South Africa,1975,222659
Western Africa,1975,-195540
Benin,1975,-24845
Burkina Faso,1975,-170263
Cape Verde,1975,-34907
Cote d'Ivoire,1975,393042
Gambia,1975,14403
Ghana,1975,-143000
Guinea,1975,-87571
Guinea-Bissau,1975,-14999
Liberia,1975,10996
Mali,1975,-95585
Mauritania,1975,-5950
Niger,1975,-13763
Nigeria,1975,-38526
Senegal,1975,65586
Sierra Leone,1975,0
Togo,1975,-49999
Northern Africa and Western Asia,1975,-1064135
Northern Africa,1975,-1351140
Algeria,1975,-253436
Egypt,1975,-559179
Libya,1975,58665
Morocco,1975,-508947
Sudan,1975,20002
Tunisia,1975,-97065
Western Sahara,1975,-11180
Western Asia,1975,287005
Armenia,1975,86404
Azerbaijan,1975,-50466
Bahrain,1975,19123
Cyprus,1975,3053
Georgia,1975,-73426
Iraq,1975,-8587
Israel,1975,165879
Jordan,1975,-29706
Kuwait,1975,95836
Lebanon,1975,-10000
Oman,1975,25470
Qatar,1975,34368
Saudi Arabia,1975,483318
Palestine,1975,-32255
Syria,1975,-81501
Turkey,1975,-240000
United Arab Emirates,1975,260488
Yemen,1975,-360993
 Central and Southern Asia,1975,-1174222
Central Asia,1975,-16120
Kazakhstan,1975,-128101
Kyrgyzstan,1975,-12065
Tajikistan,1975,28033
Turkmenistan,1975,25346
Uzbekistan,1975,70667
Southern Asia,1975,-1158102
Afghanistan,1975,-20000
Bangladesh,1975,-3045287
Bhutan,1975,10001
India,1975,2106041
Iran,1975,77633
Maldives,1975,2415
Nepal,1975,-5799
Pakistan,1975,-138106
Sri Lanka,1975,-145000
 Eastern and South-Eastern Asia,1975,-277213
Eastern Asia,1975,-562481
China,1975,-1105479
Hong Kong,1975,73970
Macao,1975,-10972
 Taiwan,1975,-24999
North Korea,1975,0
Japan,1975,714937
Mongolia,1975,0
South Korea,1975,-209938
South-Eastern Asia,1975,285268
Brunei,1975,10886
Cambodia,1975,-125000
Indonesia,1975,508276
Laos,1975,46
Malaysia,1975,-135303
Myanmar,1975,0
Philippines,1975,-375090
Singapore,1975,5881
Thailand,1975,395572
Timor-Leste,1975,0
Vietnam,1975,0
Latin America and the Caribbean,1975,-2673160
Caribbean,1975,-612542
Antigua and Barbuda,1975,-7018
Aruba,1975,-3537
Bahamas,1975,949
Barbados,1975,-6934
Cuba,1975,-190000
Curacao,1975,-5000
Dominican Republic,1975,-70824
Grenada,1975,-11759
Guadeloupe,1975,-26684
Haiti,1975,-88000
Jamaica,1975,-91034
Martinique,1975,-27079
Puerto Rico,1975,-41031
Saint Lucia,1975,-9703
Saint Vincent and the Grenadines,1975,-8448
Trinidad and Tobago,1975,-28896
United States Virgin Islands,1975,9407
Central America,1975,-1243180
Belize,1975,-10665
Costa Rica,1975,12638
El Salvador,1975,-90977
Guatemala,1975,-137529
Honduras,1975,-45999
Mexico,1975,-920380
Nicaragua,1975,-37980
Panama,1975,-12288
South America,1975,-817438
Argentina,1975,142000
Bolivia,1975,-26620
Brazil,1975,0
Chile,1975,-161260
Colombia,1975,-380422
Ecuador,1975,-5499
French Guiana,1975,2530
Guyana,1975,-54362
Paraguay,1975,-59110
Peru,1975,-82600
Suriname,1975,-56820
Uruguay,1975,-136000
Venezuela,1975,940
Australia/New Zealand,1975,336209
Australia,1975,259531
New Zealand,1975,76678
Oceania (excluding Australia and New Zealand),1975,-48965
Melanesia,1975,-12167
Fiji,1975,-15145
New Caledonia,1975,8189
Papua New Guinea,1975,-6419
Solomon Islands,1975,431
Vanuatu,1975,776
Micronesia (country),1975,-10674
Guam,1975,-2131
Kiribati,1975,-1120
Micronesia (region),1975,-7534
Polynesia,1975,-26124
French Polynesia,1975,5001
Samoa,1975,-14914
Tonga,1975,-7485
Europe and Northern America,1975,5474353
Europe,1975,1827084
Eastern Europe,1975,-243662
Belarus,1975,37146
Bulgaria,1975,-43396
Czechia,1975,9999
Hungary,1975,-24419
Poland,1975,-170903
Moldova,1975,55824
Romania,1975,-2001
Russia,1975,-296861
Slovakia,1975,-15254
Ukraine,1975,206203
Northern Europe,1975,368441
Channel Islands,1975,4250
Denmark,1975,23256
Estonia,1975,30581
Finland,1975,28880
Iceland,1975,-1061
Ireland,1975,44335
Latvia,1975,54668
Lithuania,1975,37782
Norway,1975,15870
Sweden,1975,18798
United Kingdom,1975,106415
Southern Europe,1975,73879
Albania,1975,-99
Bosnia and Herzegovina,1975,-82247
Croatia,1975,-18403
Greece,1975,20771
Italy,1975,19396
Malta,1975,-9682
Montenegro,1975,-2001
North Macedonia,1975,-61002
Portugal,1975,108187
Serbia,1975,-20651
Slovenia,1975,17942
Spain,1975,96990
Western Europe,1975,1628426
Austria,1975,82001
Belgium,1975,70980
France,1975,543072
Germany,1975,701731
Luxembourg,1975,15284
Netherlands,1975,186745
Switzerland,1975,25185
Northern America,1975,3647269
Canada,1975,758104
United States,1975,2889346
World,1980,-1
More developed regions,1980,6583785
Less developed regions,1980,-6583786
Least developed countries,1980,-3896290
"Less developed regions, excluding least developed countries",1980,-2687496
"Less developed regions, excluding China",1980,-6707235
Land-locked Developing Countries (LLDC),1980,-5087973
Small Island Developing States (SIDS),1980,-869917
High-income countries,1980,7159871
Middle-income countries,1980,-4009320
Upper-middle-income countries,1980,-2901132
Lower-middle-income countries,1980,-1108188
Low-income countries,1980,-3149401
No income group available,1980,-1151
Africa,1980,-1600442
Asia,1980,-1193998
Europe,1980,2029004
Latin America and the Caribbean,1980,-3514969
Northern America,1980,4188825
Oceania,1980,91579
Sub-Saharan Africa,1980,-696742
Eastern Africa,1980,-669173
Burundi,1980,-150290
Comoros,1980,10000
Djibouti,1980,91193
Eritrea,1980,10000
Ethiopia,1980,-2112372
Kenya,1980,-2930
Madagascar,1980,-30000
Malawi,1980,13999
Mauritius,1980,-20617
Mayotte,1980,-987
Mozambique,1980,87373
Reunion,1980,-18024
Rwanda,1980,-20000
Seychelles,1980,-299
Somalia,1980,1796103
South Sudan,1980,60000
Uganda,1980,-179999
 Tanzania,1980,-25040
Zambia,1980,-25000
Zimbabwe,1980,-152283
Middle Africa,1980,90358
Angola,1980,199800
Cameroon,1980,0
Central African Republic,1980,-1000
Chad,1980,-175500
Congo,1980,-7407
Democratic Republic of Congo,1980,100685
Equatorial Guinea,1980,-29998
Gabon,1980,4999
Sao Tome and Principe,1980,-1221
Southern Africa,1980,30124
Botswana,1980,17744
Eswatini,1980,-10100
Lesotho,1980,-6538
Namibia,1980,-44298
South Africa,1980,73316
Western Africa,1980,-148051
Benin,1980,-19393
Burkina Faso,1980,-217400
Cape Verde,1980,-27982
Cote d'Ivoire,1980,403322
Gambia,1980,14580
Ghana,1980,-459839
Guinea,1980,-156695
Guinea-Bissau,1980,-79367
Liberia,1980,11949
Mali,1980,-174998
Mauritania,1980,-9700
Niger,1980,-18138
Nigeria,1980,820713
Senegal,1980,-134783
Sierra Leone,1980,0
Togo,1980,-100000
Northern Africa and Western Asia,1980,-509176
Northern Africa,1980,-903700
Algeria,1980,-224833
Egypt,1980,-595294
Libya,1980,57534
Morocco,1980,-309839
Sudan,1980,180000
Tunisia,1980,-72068
Western Sahara,1980,60800
Western Asia,1980,394524
Armenia,1980,17214
Azerbaijan,1980,-50466
Bahrain,1980,48962
Cyprus,1980,-1215
Georgia,1980,-95445
Iraq,1980,-47791
Israel,1980,62546
Jordan,1980,-80758
Kuwait,1980,141100
Lebanon,1980,-285201
Oman,1980,76409
Qatar,1980,28387
Saudi Arabia,1980,788719
Palestine,1980,-83697
Syria,1980,-161672
Turkey,1980,-259998
United Arab Emirates,1980,372430
Yemen,1980,-75000
 Central and Southern Asia,1980,-764323
Central Asia,1980,-391292
Kazakhstan,1980,-435262
Kyrgyzstan,1980,-45839
Tajikistan,1980,22800
Turkmenistan,1980,-5070
Uzbekistan,1980,72079
Southern Asia,1980,-373031
Afghanistan,1980,-1153959
Bangladesh,1980,-1137344
Bhutan,1980,10016
India,1980,1111236
Iran,1980,403319
Maldives,1980,0
Nepal,1980,-41002
Pakistan,1980,672203
Sri Lanka,1980,-237500
 Eastern and South-Eastern Asia,1980,-824199
Eastern Asia,1980,163320
China,1980,-47004
Hong Kong,1980,390487
Macao,1980,-10034
 Taiwan,1980,-210000
North Korea,1980,0
Japan,1980,205006
Mongolia,1980,0
South Korea,1980,-165135
South-Eastern Asia,1980,-987519
Brunei,1980,8293
Cambodia,1980,-84999
Indonesia,1980,378743
Laos,1980,-198756
Malaysia,1980,-5443
Myanmar,1980,0
Philippines,1980,-476561
Singapore,1980,14273
Thailand,1980,287226
Timor-Leste,1980,-51400
Vietnam,1980,-858895
Latin America and the Caribbean,1980,-3514969
Caribbean,1980,-586921
Antigua and Barbuda,1980,-4428
Aruba,1980,-5470
Bahamas,1980,2981
Barbados,1980,-5548
Cuba,1980,-160000
Curacao,1980,-13251
Dominican Republic,1980,-87098
Grenada,1980,-13206
Guadeloupe,1980,-18572
Haiti,1980,-97999
Jamaica,1980,-98483
Martinique,1980,-20682
Puerto Rico,1980,-19579
Saint Lucia,1980,-8971
Saint Vincent and the Grenadines,1980,-7246
Trinidad and Tobago,1980,-29937
United States Virgin Islands,1980,1961
Central America,1980,-1795789
Belize,1980,-13542
Costa Rica,1980,17425
El Salvador,1980,-164230
Guatemala,1980,-258519
Honduras,1980,-50999
Mexico,1980,-1253817
Nicaragua,1980,-58030
Panama,1980,-14077
South America,1980,-1132259
Argentina,1980,-230000
Bolivia,1980,-40130
Brazil,1980,0
Chile,1980,-148300
Colombia,1980,-419350
Ecuador,1980,-7198
French Guiana,1980,5096
Guyana,1980,-52341
Paraguay,1980,-46560
Peru,1980,-94100
Suriname,1980,-40352
Uruguay,1980,-60000
Venezuela,1980,1120
Australia/New Zealand,1980,160950
Australia,1980,235744
New Zealand,1980,-74794
Oceania (excluding Australia and New Zealand),1980,-69371
Melanesia,1980,-33697
Fiji,1980,-22230
New Caledonia,1980,30
Papua New Guinea,1980,-8646
Solomon Islands,1980,-2416
Vanuatu,1980,-435
Micronesia (country),1980,-6920
Guam,1980,-1511
Kiribati,1980,-2342
Micronesia (region),1980,120
Polynesia,1980,-28754
French Polynesia,1980,4674
Samoa,1980,-18979
Tonga,1980,-7815
Europe and Northern America,1980,6217829
Europe,1980,2029004
Eastern Europe,1980,442542
Belarus,1980,38298
Bulgaria,1980,-94868
Czechia,1980,9999
Hungary,1980,13040
Poland,1980,-106595
Moldova,1980,-26414
Romania,1980,-99999
Russia,1980,614394
Slovakia,1980,-9696
Ukraine,1980,104383
Northern Europe,1980,294100
Channel Islands,1980,1726
Denmark,1980,14925
Estonia,1980,30510
Finland,1980,-29377
Iceland,1980,-3929
Ireland,1980,51765
Latvia,1980,36327
Lithuania,1980,38815
Norway,1980,20728
Sweden,1980,88567
United Kingdom,1980,39119
Southern Europe,1980,700081
Albania,1980,-99
Bosnia and Herzegovina,1980,-74132
Croatia,1980,18681
Greece,1980,297368
Italy,1980,164927
Malta,1980,-4843
Montenegro,1980,-7401
North Macedonia,1980,-14749
Portugal,1980,198629
Serbia,1980,7680
Slovenia,1980,34686
Spain,1980,76903
Western Europe,1980,592281
Austria,1980,5502
Belgium,1980,73523
France,1980,258428
Germany,1980,228894
Luxembourg,1980,11846
Netherlands,1980,145804
Switzerland,1980,-135365
Northern America,1980,4188825
Canada,1980,420633
United States,1980,3770881
World,1985,0
More developed regions,1985,5834527
Less developed regions,1985,-5834527
Least developed countries,1985,-6102887
"Less developed regions, excluding least developed countries",1985,268360
"Less developed regions, excluding China",1985,-5759277
Land-locked Developing Countries (LLDC),1985,-4957305
Small Island Developing States (SIDS),1985,-840713
High-income countries,1985,6897908
Middle-income countries,1985,-1381130
Upper-middle-income countries,1985,-683414
Lower-middle-income countries,1985,-697716
Low-income countries,1985,-5522227
No income group available,1985,5449
Africa,1985,-2078952
Asia,1985,-168189
Europe,1985,1578086
Latin America and the Caribbean,1985,-3503662
Northern America,1985,3755775
Oceania,1985,416942
Sub-Saharan Africa,1985,-1713503
Eastern Africa,1985,-606013
Burundi,1985,-139146
Comoros,1985,-4500
Djibouti,1985,9999
Eritrea,1985,10000
Ethiopia,1985,248546
Kenya,1985,3805
Madagascar,1985,-10000
Malawi,1985,0
Mauritius,1985,-21632
Mayotte,1985,3794
Mozambique,1985,-376378
Reunion,1985,3090
Rwanda,1985,-50002
Seychelles,1985,-3186
Somalia,1985,-454532
South Sudan,1985,150000
Uganda,1985,-120001
 Tanzania,1985,35062
Zambia,1985,10000
Zimbabwe,1985,99068
Middle Africa,1985,-257968
Angola,1985,234148
Cameroon,1985,-16500
Central African Republic,1985,40000
Chad,1985,-131245
Congo,1985,2098
Democratic Republic of Congo,1985,-450468
Equatorial Guinea,1985,64998
Gabon,1985,4999
Sao Tome and Principe,1985,-5999
Southern Africa,1985,122062
Botswana,1985,5203
Eswatini,1985,-9310
Lesotho,1985,-25760
Namibia,1985,-29069
South Africa,1985,180998
Western Africa,1985,-971584
Benin,1985,-10848
Burkina Faso,1985,-217400
Cape Verde,1985,-20313
Cote d'Ivoire,1985,427498
Gambia,1985,14883
Ghana,1985,-12339
Guinea,1985,-83323
Guinea-Bissau,1985,-30001
Liberia,1985,0
Mali,1985,-218064
Mauritania,1985,-16100
Niger,1985,-92946
Nigeria,1985,-677063
Senegal,1985,-85108
Sierra Leone,1985,0
Togo,1985,50001
Northern Africa and Western Asia,1985,677640
Northern Africa,1985,-365449
Algeria,1985,-81020
Egypt,1985,-392930
Libya,1985,113380
Morocco,1985,-320659
Sudan,1985,219998
Tunisia,1985,85582
Western Sahara,1985,10200
Western Asia,1985,1043089
Armenia,1985,-51230
Azerbaijan,1985,-101568
Bahrain,1985,3234
Cyprus,1985,-27634
Georgia,1985,-47827
Iraq,1985,-199939
Israel,1985,2604
Jordan,1985,81657
Kuwait,1985,115340
Lebanon,1985,-214378
Oman,1985,81500
Qatar,1985,102097
Saudi Arabia,1985,1383529
Palestine,1985,-61453
Syria,1985,-87001
Turkey,1985,-70001
United Arab Emirates,1985,184159
Yemen,1985,-50000
 Central and Southern Asia,1985,-1359446
Central Asia,1985,-695978
Kazakhstan,1985,-433268
Kyrgyzstan,1985,-54162
Tajikistan,1985,12417
Turkmenistan,1985,-35795
Uzbekistan,1985,-185170
Southern Asia,1985,-663468
Afghanistan,1985,-3345095
Bangladesh,1985,-793826
Bhutan,1985,797
India,1985,579708
Iran,1985,2007670
Maldives,1985,0
Nepal,1985,-101147
Pakistan,1985,1387118
Sri Lanka,1985,-398693
 Eastern and South-Eastern Asia,1985,148168
Eastern Asia,1985,67644
China,1985,-200000
Hong Kong,1985,160605
Macao,1985,25146
 Taiwan,1985,-61001
North Korea,1985,0
Japan,1985,50002
Mongolia,1985,0
South Korea,1985,92892
South-Eastern Asia,1985,80524
Brunei,1985,3622
Cambodia,1985,-88854
Indonesia,1985,475080
Laos,1985,-35110
Malaysia,1985,-77285
Myanmar,1985,-54656
Philippines,1985,-292444
Singapore,1985,137812
Thailand,1985,339923
Timor-Leste,1985,0
Vietnam,1985,-327564
Latin America and the Caribbean,1985,-3503662
Caribbean,1985,-727450
Antigua and Barbuda,1985,-3763
Aruba,1985,-1921
Bahamas,1985,646
Barbados,1985,-7856
Cuba,1985,-270000
Curacao,1985,-8464
Dominican Republic,1985,-118102
Grenada,1985,-586
Guadeloupe,1985,-14856
Haiti,1985,-124999
Jamaica,1985,-71084
Martinique,1985,-1639
Puerto Rico,1985,-48420
Saint Lucia,1985,-8009
Saint Vincent and the Grenadines,1985,-7350
Trinidad and Tobago,1985,-33669
United States Virgin Islands,1985,-3492
Central America,1985,-1959199
Belize,1985,-5332
Costa Rica,1985,18876
El Salvador,1985,-231749
Guatemala,1985,-283074
Honduras,1985,-61998
Mexico,1985,-1273198
Nicaragua,1985,-110020
Panama,1985,-12704
South America,1985,-817013
Argentina,1985,140000
Bolivia,1985,-73670
Brazil,1985,0
Chile,1985,-154520
Colombia,1985,-370972
Ecuador,1985,-14001
French Guiana,1985,10773
Guyana,1985,-97340
Paraguay,1985,-21310
Peru,1985,-175500
Suriname,1985,-31771
Uruguay,1985,-30000
Venezuela,1985,1380
Australia/New Zealand,1985,450664
Australia,1985,453572
New Zealand,1985,-2908
Oceania (excluding Australia and New Zealand),1985,-33722
Melanesia,1985,-12688
Fiji,1985,-12677
New Caledonia,1985,-3292
Papua New Guinea,1985,10704
Solomon Islands,1985,-3420
Vanuatu,1985,-4003
Micronesia (country),1985,7875
Guam,1985,109
Kiribati,1985,-3011
Micronesia (region),1985,445
Polynesia,1985,-28909
French Polynesia,1985,3650
Samoa,1985,-18695
Tonga,1985,-12375
Europe and Northern America,1985,5333861
Europe,1985,1578086
Eastern Europe,1985,782518
Belarus,1985,47114
Bulgaria,1985,-22346
Czechia,1985,-52946
Hungary,1985,-115800
Poland,1985,-119193
Moldova,1985,-9185
Romania,1985,-200000
Russia,1985,1100559
Slovakia,1985,-34777
Ukraine,1985,189092
Northern Europe,1985,39477
Channel Islands,1985,5380
Denmark,1985,9319
Estonia,1985,25900
Finland,1985,26181
Iceland,1985,260
Ireland,1985,-60929
Latvia,1985,30762
Lithuania,1985,43804
Norway,1985,24805
Sweden,1985,29799
United Kingdom,1985,-97495
Southern Europe,1985,270126
Albania,1985,-99
Bosnia and Herzegovina,1985,-29999
Croatia,1985,54369
Greece,1985,100241
Italy,1985,264799
Malta,1985,2553
Montenegro,1985,-2001
North Macedonia,1985,-72752
Portugal,1985,-66894
Serbia,1985,-10360
Slovenia,1985,68363
Spain,1985,-43292
Western Europe,1985,485965
Austria,1985,18002
Belgium,1985,18478
France,1985,291570
Germany,1985,23
Luxembourg,1985,2552
Netherlands,1985,71525
Switzerland,1985,81040
Northern America,1985,3755775
Canada,1985,373939
United States,1985,3382460
World,1990,-1
More developed regions,1990,6977639
Less developed regions,1990,-6977640
Least developed countries,1990,-3733802
"Less developed regions, excluding least developed countries",1990,-3243838
"Less developed regions, excluding China",1990,-6880717
Land-locked Developing Countries (LLDC),1990,-3006066
Small Island Developing States (SIDS),1990,-793493
High-income countries,1990,8702303
Middle-income countries,1990,-5162043
Upper-middle-income countries,1990,-2945797
Lower-middle-income countries,1990,-2216246
Low-income countries,1990,-3589860
No income group available,1990,49599
Africa,1990,-1784980
Asia,1990,-1437056
Europe,1990,2406244
Latin America and the Caribbean,1990,-3956103
Northern America,1990,4224943
Oceania,1990,546951
Sub-Saharan Africa,1990,-1264499
Eastern Africa,1990,-389136
Burundi,1990,-180004
Comoros,1990,-4500
Djibouti,1990,89998
Eritrea,1990,-40000
Ethiopia,1990,765993
Kenya,1990,5023
Madagascar,1990,-10000
Malawi,1990,877076
Mauritius,1990,-35977
Mayotte,1990,6055
Mozambique,1990,-1336060
Reunion,1990,-1996
Rwanda,1990,29999
Seychelles,1990,-5196
Somalia,1990,-410787
South Sudan,1990,-416233
Uganda,1990,200002
 Tanzania,1990,68117
Zambia,1990,-75000
Zimbabwe,1990,84354
Middle Africa,1990,189733
Angola,1990,188491
Cameroon,1990,-19500
Central African Republic,1990,-80000
Chad,1990,1418
Congo,1990,2000
Democratic Republic of Congo,1990,74515
Equatorial Guinea,1990,20000
Gabon,1990,4999
Sao Tome and Principe,1990,-2190
Southern Africa,1990,-75487
Botswana,1990,46821
Eswatini,1990,-2218
Lesotho,1990,-40195
Namibia,1990,38106
South Africa,1990,-118001
Western Africa,1990,-989609
Benin,1990,-8723
Burkina Faso,1990,-183699
Cape Verde,1990,-27757
Cote d'Ivoire,1990,319134
Gambia,1990,60597
Ghana,1990,-40000
Guinea,1990,0
Guinea-Bissau,1990,-28004
Liberia,1990,-359708
Mali,1990,-493982
Mauritania,1990,-39998
Niger,1990,-77917
Nigeria,1990,-91407
Senegal,1990,-60291
Sierra Leone,1990,62745
Togo,1990,-20000
Northern Africa and Western Asia,1990,-476782
Northern Africa,1990,-520481
Algeria,1990,-93302
Egypt,1990,-212184
Libya,1990,5490
Morocco,1990,-430184
Sudan,1990,150000
Tunisia,1990,48999
Western Sahara,1990,10700
Western Asia,1990,43699
Armenia,1990,-67528
Azerbaijan,1990,-161568
Bahrain,1990,12899
Cyprus,1990,17167
Georgia,1990,-43659
Iraq,1990,-647664
Israel,1990,65418
Jordan,1990,170602
Kuwait,1990,119768
Lebanon,1990,-128038
Oman,1990,11169
Qatar,1990,57517
Saudi Arabia,1990,716825
Palestine,1990,-39345
Syria,1990,-146501
Turkey,1990,-100001
United Arab Emirates,1990,256637
Yemen,1990,-50000
 Central and Southern Asia,1990,-1645814
Central Asia,1990,-1228411
Kazakhstan,1990,-674287
Kyrgyzstan,1990,-126883
Tajikistan,1990,-31508
Turkmenistan,1990,-39702
Uzbekistan,1990,-356031
Southern Asia,1990,-417403
Afghanistan,1990,-1525351
Bangladesh,1990,-219363
Bhutan,1990,1595
India,1990,45150
Iran,1990,1497228
Maldives,1990,-2605
Nepal,1990,-216407
Pakistan,1990,139790
Sri Lanka,1990,-137440
 Eastern and South-Eastern Asia,1990,165059
Eastern Asia,1990,-224681
China,1990,-431651
Hong Kong,1990,221262
Macao,1990,33466
 Taiwan,1990,80000
North Korea,1990,0
Japan,1990,-298339
Mongolia,1990,0
South Korea,1990,170581
South-Eastern Asia,1990,389740
Brunei,1990,3684
Cambodia,1990,-78022
Indonesia,1990,261281
Laos,1990,138
Malaysia,1990,425455
Myanmar,1990,-200000
Philippines,1990,-314676
Singapore,1990,119802
Thailand,1990,504404
Timor-Leste,1990,0
Vietnam,1990,-332327
Latin America and the Caribbean,1990,-3956103
Caribbean,1990,-610953
Antigua and Barbuda,1990,-2890
Aruba,1990,-5194
Bahamas,1990,-811
Barbados,1990,-6311
Cuba,1990,-69999
Curacao,1990,-14547
Dominican Republic,1990,-134470
Grenada,1990,-15189
Guadeloupe,1990,21103
Haiti,1990,-135001
Jamaica,1990,-146934
Martinique,1990,-234
Puerto Rico,1990,-55192
Saint Lucia,1990,-4285
Saint Vincent and the Grenadines,1990,-7183
Trinidad and Tobago,1990,-45387
United States Virgin Islands,1990,-11156
Central America,1990,-2613541
Belize,1990,-5404
Costa Rica,1990,17417
El Salvador,1990,-256685
Guatemala,1990,-299909
Honduras,1990,-73998
Mexico,1990,-1835537
Nicaragua,1990,-150030
Panama,1990,-9395
South America,1990,-731609
Argentina,1990,160000
Bolivia,1990,-64260
Brazil,1990,0
Chile,1990,-68650
Colombia,1990,-324000
Ecuador,1990,-16998
French Guiana,1990,16749
Guyana,1990,-102648
Paraguay,1990,-17340
Peru,1990,-280600
Suriname,1990,-4845
Uruguay,1990,-30000
Venezuela,1990,920
Australia/New Zealand,1990,644791
Australia,1990,654209
New Zealand,1990,-9418
Oceania (excluding Australia and New Zealand),1990,-97840
Melanesia,1990,-74881
Fiji,1990,-66996
New Caledonia,1990,-488
Papua New Guinea,1990,4723
Solomon Islands,1990,-8504
Vanuatu,1990,-3616
Micronesia (country),1990,11378
Guam,1990,99
Kiribati,1990,-664
Micronesia (region),1990,-1902
Polynesia,1990,-34337
French Polynesia,1990,-359
Samoa,1990,-19526
Tonga,1990,-10786
Europe and Northern America,1990,6631187
Europe,1990,2406244
Eastern Europe,1990,-27610
Belarus,1990,-23021
Bulgaria,1990,-184143
Czechia,1990,5671
Hungary,1990,-91554
Poland,1990,-304973
Moldova,1990,-84531
Romania,1990,-200000
Russia,1990,890253
Slovakia,1990,-35312
Ukraine,1990,0
Northern Europe,1990,304484
Channel Islands,1990,6085
Denmark,1990,32839
Estonia,1990,15497
Finland,1990,18268
Iceland,1990,646
Ireland,1990,-125947
Latvia,1990,41910
Lithuania,1990,36863
Norway,1990,38715
Sweden,1990,134569
United Kingdom,1990,98758
Southern Europe,1990,-269324
Albania,1990,-99
Bosnia and Herzegovina,1990,-134587
Croatia,1990,26145
Greece,1990,178887
Italy,1990,-10058
Malta,1990,1159
Montenegro,1990,-29965
North Macedonia,1990,-98818
Portugal,1990,-147873
Serbia,1990,-27488
Slovenia,1990,32609
Spain,1990,-67680
Western Europe,1990,2398694
Austria,1990,110999
Belgium,1990,42556
France,1990,276383
Germany,1990,1683737
Luxembourg,1990,12831
Netherlands,1990,139748
Switzerland,1990,130857
Northern America,1990,4224943
Canada,1990,859217
United States,1990,3366853
World,1995,0
More developed regions,1995,10634727
Less developed regions,1995,-10634727
Least developed countries,1995,870947
"Less developed regions, excluding least developed countries",1995,-11505674
"Less developed regions, excluding China",1995,-9883075
Land-locked Developing Countries (LLDC),1995,-3035394
Small Island Developing States (SIDS),1995,-515501
High-income countries,1995,10710205
Middle-income countries,1995,-11713489
Upper-middle-income countries,1995,-5842664
Lower-middle-income countries,1995,-5870825
Low-income countries,1995,984543
No income group available,1995,18741
Africa,1995,-1368269
Asia,1995,-4813042
Europe,1995,4968898
Latin America and the Caribbean,1995,-4303645
Northern America,1995,5150449
Oceania,1995,365609
Sub-Saharan Africa,1995,-1114675
Eastern Africa,1995,-2264564
Burundi,1995,-320001
Comoros,1995,-3000
Djibouti,1995,-45000
Eritrea,1995,-314772
Ethiopia,1995,1457943
Kenya,1995,221569
Madagascar,1995,-9500
Malawi,1995,-861893
Mauritius,1995,-5611
Mayotte,1995,10734
Mozambique,1995,642368
Reunion,1995,9589
Rwanda,1995,-1374270
Seychelles,1995,503
Somalia,1995,-822004
South Sudan,1995,-1097076
Uganda,1995,109998
 Tanzania,1995,584095
Zambia,1995,-150000
Zimbabwe,1995,-298236
Middle Africa,1995,1463476
Angola,1995,142812
Cameroon,1995,-48000
Central African Republic,1995,50000
Chad,1995,-10374
Congo,1995,22530
Democratic Republic of Congo,1995,1287106
Equatorial Guinea,1995,20002
Gabon,1995,4999
Sao Tome and Principe,1995,-5599
Southern Africa,1995,828785
Botswana,1995,24296
Eswatini,1995,-23252
Lesotho,1995,-7839
Namibia,1995,-17280
South Africa,1995,852860
Western Africa,1995,-1142372
Benin,1995,68259
Burkina Faso,1995,-150001
Cape Verde,1995,-6376
Cote d'Ivoire,1995,375000
Gambia,1995,2620
Ghana,1995,-16000
Guinea,1995,-134975
Guinea-Bissau,1995,-29999
Liberia,1995,-290000
Mali,1995,-173489
Mauritania,1995,-44622
Niger,1995,-2679
Nigeria,1995,-95769
Senegal,1995,-77004
Sierra Leone,1995,-450000
Togo,1995,-116499
Northern Africa and Western Asia,1995,-157693
Northern Africa,1995,-253594
Algeria,1995,-128679
Egypt,1995,-460404
Libya,1995,3965
Morocco,1995,-466627
Sudan,1995,645810
Tunisia,1995,140341
Western Sahara,1995,12000
Western Asia,1995,95901
Armenia,1995,-496288
Azerbaijan,1995,-115116
Bahrain,1995,5480
Cyprus,1995,43195
Georgia,1995,-591854
Iraq,1995,-154026
Israel,1995,451557
Jordan,1995,412472
Kuwait,1995,-655000
Lebanon,1995,390001
Oman,1995,104700
Qatar,1995,-10132
Saudi Arabia,1995,-110000
Palestine,1995,35005
Syria,1995,-70000
Turkey,1995,-120000
United Arab Emirates,1995,368126
Yemen,1995,607781
 Central and Southern Asia,1995,-2680612
Central Asia,1995,-2227090
Kazakhstan,1995,-1439396
Kyrgyzstan,1995,-276249
Tajikistan,1995,-232301
Turkmenistan,1995,43633
Uzbekistan,1995,-322777
Southern Asia,1995,-453522
Afghanistan,1995,3076383
Bangladesh,1995,-813794
Bhutan,1995,-58565
India,1995,-552948
Iran,1995,-898423
Maldives,1995,-3072
Nepal,1995,76064
Pakistan,1995,-1023387
Sri Lanka,1995,-255780
 Eastern and South-Eastern Asia,1995,-2228331
Eastern Asia,1995,-722380
China,1995,-779982
Hong Kong,1995,156486
Macao,1995,21845
 Taiwan,1995,-150001
North Korea,1995,0
Japan,1995,46286
Mongolia,1995,-88432
South Korea,1995,71418
South-Eastern Asia,1995,-1505951
Brunei,1995,4770
Cambodia,1995,409414
Indonesia,1995,-35412
Laos,1995,-60567
Malaysia,1995,292354
Myanmar,1995,-713704
Philippines,1995,-698877
Singapore,1995,297845
Thailand,1995,-607538
Timor-Leste,1995,0
Vietnam,1995,-394236
Latin America and the Caribbean,1995,-4303645
Caribbean,1995,-590362
Antigua and Barbuda,1995,2231
Aruba,1995,14218
Bahamas,1995,-322
Barbados,1995,-5393
Cuba,1995,-120006
Curacao,1995,-11517
Dominican Republic,1995,-144154
Grenada,1995,-4210
Guadeloupe,1995,-8194
Haiti,1995,-140001
Jamaica,1995,-110068
Martinique,1995,-6748
Puerto Rico,1995,-296
Saint Lucia,1995,-5031
Saint Vincent and the Grenadines,1995,-8721
Trinidad and Tobago,1995,-32813
United States Virgin Islands,1995,-4618
Central America,1995,-2787048
Belize,1995,-9011
Costa Rica,1995,69202
El Salvador,1995,-265152
Guatemala,1995,-367469
Honduras,1995,-77999
Mexico,1995,-2018533
Nicaragua,1995,-120040
Panama,1995,1954
South America,1995,-926235
Argentina,1995,-105000
Bolivia,1995,-51670
Brazil,1995,0
Chile,1995,3610
Colombia,1995,-287950
Ecuador,1995,-19000
French Guiana,1995,4450
Guyana,1995,-57867
Paraguay,1995,-31180
Peru,1995,-354600
Suriname,1995,-5195
Uruguay,1995,-20000
Venezuela,1995,-2270
Australia/New Zealand,1995,469094
Australia,1995,351078
New Zealand,1995,118016
Oceania (excluding Australia and New Zealand),1995,-103485
Melanesia,1995,-56221
Fiji,1995,-33803
New Caledonia,1995,6328
Papua New Guinea,1995,-21116
Solomon Islands,1995,-6682
Vanuatu,1995,-948
Micronesia (country),1995,-13242
Guam,1995,1739
Kiribati,1995,-4435
Micronesia (region),1995,-1662
Polynesia,1995,-34022
French Polynesia,1995,-3424
Samoa,1995,-13998
Tonga,1995,-10980
Europe and Northern America,1995,10119347
Europe,1995,4968898
Eastern Europe,1995,1447939
Belarus,1995,-63057
Bulgaria,1995,-356464
Czechia,1995,29999
Hungary,1995,99980
Poland,1995,-159999
Moldova,1995,-131953
Romania,1995,-520001
Russia,1995,2490121
Slovakia,1995,-15108
Ukraine,1995,74421
Northern Europe,1995,176013
Channel Islands,1995,1170
Denmark,1995,65465
Estonia,1995,-111876
Finland,1995,47223
Iceland,1995,-1054
Ireland,1995,-15374
Latvia,1995,-116474
Lithuania,1995,-100301
Norway,1995,46903
Sweden,1995,156460
United Kingdom,1995,205443
Southern Europe,1995,-197293
Albania,1995,-443212
Bosnia and Herzegovina,1995,-740715
Croatia,1995,-143579
Greece,1995,459178
Italy,1995,152825
Malta,1995,1630
Montenegro,1995,-20249
North Macedonia,1995,-100107
Portugal,1995,149122
Serbia,1995,178348
Slovenia,1995,-17461
Spain,1995,319270
Western Europe,1995,3542239
Austria,1995,227841
Belgium,1995,106947
France,1995,122170
Germany,1995,2628459
Luxembourg,1995,20040
Netherlands,1995,186409
Switzerland,1995,247406
Northern America,1995,5150449
Canada,1995,690555
United States,1995,4463754
World,2000,0
More developed regions,2000,13132656
Less developed regions,2000,-13132656
Least developed countries,2000,-4295293
"Less developed regions, excluding least developed countries",2000,-8837363
"Less developed regions, excluding China",2000,-12903205
Land-locked Developing Countries (LLDC),2000,-3993420
Small Island Developing States (SIDS),2000,-619766
High-income countries,2000,13921107
Middle-income countries,2000,-10366425
Upper-middle-income countries,2000,-3805068
Lower-middle-income countries,2000,-6561357
Low-income countries,2000,-3595794
No income group available,2000,41112
Africa,2000,-2464494
Asia,2000,-5977897
Europe,2000,3161212
Latin America and the Caribbean,2000,-4668383
Northern America,2000,9640774
Oceania,2000,308788
Sub-Saharan Africa,2000,-887300
Eastern Africa,2000,-411056
Burundi,2000,-455304
Comoros,2000,-6000
Djibouti,2000,9988
Eritrea,2000,-129997
Ethiopia,2000,-155577
Kenya,2000,-21386
Madagascar,2000,-8500
Malawi,2000,-59163
Mauritius,2000,-8858
Mayotte,2000,4664
Mozambique,2000,-50000
Reunion,2000,9746
Rwanda,2000,1244966
Seychelles,2000,-255
Somalia,2000,0
South Sudan,2000,300000
Uganda,2000,-180002
 Tanzania,2000,-400706
Zambia,2000,20000
Zimbabwe,2000,-524671
Middle Africa,2000,-622612
Angola,2000,199800
Cameroon,2000,-48000
Central African Republic,2000,30000
Chad,2000,69444
Congo,2000,49302
Democratic Republic of Congo,2000,-958174
Equatorial Guinea,2000,35001
Gabon,2000,9566
Sao Tome and Principe,2000,-9551
Southern Africa,2000,592112
Botswana,2000,36443
Eswatini,2000,-25847
Lesotho,2000,-37212
Namibia,2000,-21174
South Africa,2000,639902
Western Africa,2000,-445744
Benin,2000,-2851
Burkina Faso,2000,-137499
Cape Verde,2000,-5438
Cote d'Ivoire,2000,180000
Gambia,2000,-4570
Ghana,2000,-126999
Guinea,2000,-181099
Guinea-Bissau,2000,-41167
Liberia,2000,462952
Mali,2000,-141950
Mauritania,2000,-44003
Niger,2000,-9944
Nigeria,2000,-95027
Senegal,2000,-227553
Sierra Leone,2000,-150000
Togo,2000,80000
Northern Africa and Western Asia,2000,-2459648
Northern Africa,2000,-1577194
Algeria,2000,-164413
Egypt,2000,-210899
Libya,2000,-57368
Morocco,2000,-532581
Sudan,2000,-602679
Tunisia,2000,-39804
Western Sahara,2000,30550
Western Asia,2000,-882454
Armenia,2000,-223873
Azerbaijan,2000,-111849
Bahrain,2000,39180
Cyprus,2000,53260
Georgia,2000,-653597
Iraq,2000,-17859
Israel,2000,245334
Jordan,2000,-150149
Kuwait,2000,242000
Lebanon,2000,-29428
Oman,2000,-193372
Qatar,2000,29506
Saudi Arabia,2000,-350000
Palestine,2000,69998
Syria,2000,-130000
Turkey,2000,-99999
United Arab Emirates,2000,498394
Yemen,2000,-100000
 Central and Southern Asia,2000,-4778138
Central Asia,2000,-1833345
Kazakhstan,2000,-1261512
Kyrgyzstan,2000,-27268
Tajikistan,2000,-237255
Turkmenistan,2000,-64674
Uzbekistan,2000,-242636
Southern Asia,2000,-2944793
Afghanistan,2000,-867540
Bangladesh,2000,-719899
Bhutan,2000,143
India,2000,-682569
Iran,2000,-218350
Maldives,2000,-1100
Nepal,2000,-464703
Pakistan,2000,470909
Sri Lanka,2000,-461684
 Eastern and South-Eastern Asia,2000,-317305
Eastern Asia,2000,-236751
China,2000,-382999
Hong Kong,2000,375683
Macao,2000,27864
 Taiwan,2000,-249999
North Korea,2000,-13932
Japan,2000,-100333
Mongolia,2000,-52463
South Korea,2000,159428
South-Eastern Asia,2000,-80554
Brunei,2000,4188
Cambodia,2000,348495
Indonesia,2000,-67671
Laos,2000,-134746
Malaysia,2000,516688
Myanmar,2000,-537998
Philippines,2000,-949346
Singapore,2000,321578
Thailand,2000,715832
Timor-Leste,2000,-81574
Vietnam,2000,-216001
Latin America and the Caribbean,2000,-4668383
Caribbean,2000,-621620
Antigua and Barbuda,2000,2469
Aruba,2000,6926
Bahamas,2000,-3001
Barbados,2000,-3643
Cuba,2000,-132839
Curacao,2000,-17077
Dominican Republic,2000,-150146
Grenada,2000,-3964
Guadeloupe,2000,-2977
Haiti,2000,-144998
Jamaica,2000,-93279
Martinique,2000,2540
Puerto Rico,2000,-30450
Saint Lucia,2000,-1541
Saint Vincent and the Grenadines,2000,-7971
Trinidad and Tobago,2000,-34262
United States Virgin Islands,2000,-3936
Central America,2000,-3124434
Belize,2000,11909
Costa Rica,2000,89527
El Salvador,2000,-326853
Guatemala,2000,-402326
Honduras,2000,-64998
Mexico,2000,-2296470
Nicaragua,2000,-145020
Panama,2000,9797
South America,2000,-922329
Argentina,2000,-128000
Bolivia,2000,-64330
Brazil,2000,0
Chile,2000,19340
Colombia,2000,-259000
Ecuador,2000,-69999
French Guiana,2000,6600
Guyana,2000,-86647
Paraguay,2000,-44090
Peru,2000,-255800
Suriname,2000,-10189
Uruguay,2000,-26000
Venezuela,2000,-4540
Australia/New Zealand,2000,431003
Australia,2000,388419
New Zealand,2000,42584
Oceania (excluding Australia and New Zealand),2000,-122215
Melanesia,2000,-70368
Fiji,2000,-38692
New Caledonia,2000,7075
Papua New Guinea,2000,-26081
Solomon Islands,2000,-5285
Vanuatu,2000,-7385
Micronesia (country),2000,-22032
Guam,2000,-4116
Kiribati,2000,-2801
Micronesia (region),2000,-12788
Polynesia,2000,-29815
French Polynesia,2000,3483
Samoa,2000,-17141
Tonga,2000,-8435
Europe and Northern America,2000,12801986
Europe,2000,3161212
Eastern Europe,2000,1125029
Belarus,2000,56146
Bulgaria,2000,-133824
Czechia,2000,46002
Hungary,2000,78562
Poland,2000,-85199
Moldova,2000,-165309
Romania,2000,-580778
Russia,2000,2374657
Slovakia,2000,-2964
Ukraine,2000,-462264
Northern Europe,2000,678131
Channel Islands,2000,2291
Denmark,2000,74568
Estonia,2000,-1197
Finland,2000,22154
Iceland,2000,1020
Ireland,2000,84879
Latvia,2000,-46601
Lithuania,2000,-93925
Norway,2000,58773
Sweden,2000,58470
United Kingdom,2000,513361
Southern Europe,2000,65634
Albania,2000,-179606
Bosnia and Herzegovina,2000,-159283
Croatia,2000,-188129
Greece,2000,297431
Italy,2000,-298237
Malta,2000,6378
Montenegro,2000,-21588
North Macedonia,2000,-4999
Portugal,2000,173604
Serbia,2000,-495902
Slovenia,2000,1487
Spain,2000,931072
Western Europe,2000,1292418
Austria,2000,65081
Belgium,2000,50870
France,2000,193631
Germany,2000,715944
Luxembourg,2000,19940
Netherlands,2000,178553
Switzerland,2000,65218
Northern America,2000,9640774
Canada,2000,783535
United States,2000,8859954
World,2005,0
More developed regions,2005,16452170
Less developed regions,2005,-16452170
Least developed countries,2005,-4393465
"Less developed regions, excluding least developed countries",2005,-12058706
"Less developed regions, excluding China",2005,-14802674
Land-locked Developing Countries (LLDC),2005,-2263736
Small Island Developing States (SIDS),2005,-843890
High-income countries,2005,18568371
Middle-income countries,2005,-16539799
Upper-middle-income countries,2005,-3962417
Lower-middle-income countries,2005,-12577382
Low-income countries,2005,-2091059
No income group available,2005,62487
Africa,2005,-2508171
Asia,2005,-8233500
Europe,2005,9178958
Latin America and the Caribbean,2005,-5330704
Northern America,2005,6385103
Oceania,2005,508314
Sub-Saharan Africa,2005,-954639
Eastern Africa,2005,-1034315
Burundi,2005,-24721
Comoros,2005,-10000
Djibouti,2005,-8997
Eritrea,2005,227290
Ethiopia,2005,-150001
Kenya,2005,25144
Madagascar,2005,-7500
Malawi,2005,-59163
Mauritius,2005,-19372
Mayotte,2005,200
Mozambique,2005,30004
Reunion,2005,-890
Rwanda,2005,-72601
Seychelles,2005,2634
Somalia,2005,0
South Sudan,2005,432000
Uganda,2005,-250002
 Tanzania,2005,-300523
Zambia,2005,-150000
Zimbabwe,2005,-697817
Middle Africa,2005,278005
Angola,2005,261100
Cameroon,2005,-54000
Central African Republic,2005,-24405
Chad,2005,218966
Congo,2005,51485
Democratic Republic of Congo,2005,-241564
Equatorial Guinea,2005,50003
Gabon,2005,24820
Sao Tome and Principe,2005,-8400
Southern Africa,2005,605937
Botswana,2005,26928
Eswatini,2005,-47814
Lesotho,2005,-161218
Namibia,2005,-941
South Africa,2005,788982
Western Africa,2005,-804266
Benin,2005,25005
Burkina Faso,2005,-125000
Cape Verde,2005,-9859
Cote d'Ivoire,2005,-300000
Gambia,2005,1517
Ghana,2005,25002
Guinea,2005,-349998
Guinea-Bissau,2005,-27932
Liberia,2005,-50000
Mali,2005,-67110
Mauritania,2005,-10004
Niger,2005,-9497
Nigeria,2005,-170000
Senegal,2005,-202487
Sierra Leone,2005,500000
Togo,2005,-33000
Northern Africa and Western Asia,2005,150947
Northern Africa,2005,-1553532
Algeria,2005,-205228
Egypt,2005,-74464
Libya,2005,-20569
Morocco,2005,-654821
Sudan,2005,-546005
Tunisia,2005,-143045
Western Sahara,2005,90600
Western Asia,2005,1704479
Armenia,2005,-160521
Azerbaijan,2005,36523
Bahrain,2005,155500
Cyprus,2005,57530
Georgia,2005,-148337
Iraq,2005,-266320
Israel,2005,102935
Jordan,2005,-93910
Kuwait,2005,26500
Lebanon,2005,550110
Oman,2005,15000
Qatar,2005,213916
Saudi Arabia,2005,747996
Palestine,2005,-190001
Syria,2005,-379910
Turkey,2005,-39998
United Arab Emirates,2005,1189616
Yemen,2005,-112150
 Central and Southern Asia,2005,-5175898
Central Asia,2005,-641500
Kazakhstan,2005,44530
Kyrgyzstan,2005,-172911
Tajikistan,2005,-144939
Turkmenistan,2005,-125883
Uzbekistan,2005,-242297
Southern Asia,2005,-4534398
Afghanistan,2005,744193
Bangladesh,2005,-1492537
Bhutan,2005,6171
India,2005,-1888986
Iran,2005,-48444
Maldives,2005,17392
Nepal,2005,-772525
Pakistan,2005,-650182
Sri Lanka,2005,-449480
 Eastern and South-Eastern Asia,2005,-4762081
Eastern Asia,2005,-1436266
China,2005,-1965578
Hong Kong,2005,64797
Macao,2005,46284
 Taiwan,2005,205000
North Korea,2005,-17190
Japan,2005,164199
Mongolia,2005,-15001
South Korea,2005,81223
South-Eastern Asia,2005,-3325815
Brunei,2005,422
Cambodia,2005,-35156
Indonesia,2005,-1149655
Laos,2005,-148100
Malaysia,2005,671473
Myanmar,2005,-1208092
Philippines,2005,-1244356
Singapore,2005,92772
Thailand,2005,373746
Timor-Leste,2005,-27870
Vietnam,2005,-650999
Latin America and the Caribbean,2005,-5330704
Caribbean,2005,-728305
Antigua and Barbuda,2005,252
Aruba,2005,6263
Bahamas,2005,11877
Barbados,2005,-3188
Cuba,2005,-145629
Curacao,2005,-6070
Dominican Republic,2005,-152553
Grenada,2005,-3511
Guadeloupe,2005,-38122
Haiti,2005,-139999
Jamaica,2005,-92045
Martinique,2005,-4008
Puerto Rico,2005,-145704
Saint Lucia,2005,-804
Saint Vincent and the Grenadines,2005,-5298
Trinidad and Tobago,2005,-17490
United States Virgin Islands,2005,-5272
Central America,2005,-2952251
Belize,2005,5797
Costa Rica,2005,41792
El Salvador,2005,-312786
Guatemala,2005,-281050
Honduras,2005,-41999
Mexico,2005,-2206114
Nicaragua,2005,-174010
Panama,2005,16119
South America,2005,-1650148
Argentina,2005,-125000
Bolivia,2005,-77720
Brazil,2005,0
Chile,2005,42330
Colombia,2005,-231000
Ecuador,2005,-120002
French Guiana,2005,17299
Guyana,2005,-63249
Paraguay,2005,-47150
Peru,2005,-909782
Suriname,2005,-9124
Uruguay,2005,-104000
Venezuela,2005,-22740
Australia/New Zealand,2005,723911
Australia,2005,589282
New Zealand,2005,134629
Oceania (excluding Australia and New Zealand),2005,-215597
Melanesia,2005,-150034
Fiji,2005,-58598
New Caledonia,2005,4000
Papua New Guinea,2005,-84417
Solomon Islands,2005,-8445
Vanuatu,2005,-2574
Micronesia (country),2005,-34811
Guam,2005,-9556
Kiribati,2005,-1938
Micronesia (region),2005,-12284
Polynesia,2005,-30752
French Polynesia,2005,77
Samoa,2005,-15641
Tonga,2005,-7835
Europe and Northern America,2005,15564061
Europe,2005,9178958
Eastern Europe,2005,967210
Belarus,2005,-6382
Bulgaria,2005,-85500
Czechia,2005,47402
Hungary,2005,61589
Poland,2005,-183471
Moldova,2005,-12079
Romania,2005,-468204
Russia,2005,1778101
Slovakia,2005,1199
Ukraine,2005,-165445
Northern Europe,2005,1298372
Channel Islands,2005,1513
Denmark,2005,46306
Estonia,2005,-18406
Finland,2005,31935
Iceland,2005,2940
Ireland,2005,201467
Latvia,2005,-72490
Lithuania,2005,-99104
Norway,2005,67400
Sweden,2005,141723
United Kingdom,2005,992223
Southern Europe,2005,4416041
Albania,2005,-176774
Bosnia and Herzegovina,2005,-6000
Croatia,2005,-2580
Greece,2005,113586
Italy,2005,1664343
Malta,2005,5611
Montenegro,2005,-7999
North Macedonia,2005,-14572
Portugal,2005,178353
Serbia,2005,-276331
Slovenia,2005,14998
Spain,2005,2908209
Western Europe,2005,2497335
Austria,2005,178117
Belgium,2005,219560
France,2005,926483
Germany,2005,824445
Luxembourg,2005,14473
Netherlands,2005,146020
Switzerland,2005,186125
Northern America,2005,6385103
Canada,2005,1052013
United States,2005,5334893
World,2010,-1
More developed regions,2010,16945129
Less developed regions,2010,-16945130
Least developed countries,2010,-9562190
"Less developed regions, excluding least developed countries",2010,-7382940
"Less developed regions, excluding China",2010,-15148875
Land-locked Developing Countries (LLDC),2010,-3881623
Small Island Developing States (SIDS),2010,8991
High-income countries,2010,23278467
Middle-income countries,2010,-19335353
Upper-middle-income countries,2010,-3997476
Lower-middle-income countries,2010,-15337877
Low-income countries,2010,-3911691
No income group available,2010,-31424
Africa,2010,-3687038
Asia,2010,-9099767
Europe,2010,8643210
Latin America and the Caribbean,2010,-3793490
Northern America,2010,6751124
Oceania,2010,1185960
Sub-Saharan Africa,2010,-1344393
Eastern Africa,2010,-1569259
Burundi,2010,30004
Comoros,2010,-10000
Djibouti,2010,-12221
Eritrea,2010,-80009
Ethiopia,2010,-50132
Kenya,2010,-189330
Madagascar,2010,-7500
Malawi,2010,-59163
Mauritius,2010,-12079
Mayotte,2010,-2000
Mozambique,2010,-40000
Reunion,2010,-12422
Rwanda,2010,-79767
Seychelles,2010,-2725
Somalia,2010,-199997
South Sudan,2010,846611
Uganda,2010,-500000
 Tanzania,2010,-500853
Zambia,2010,-175000
Zimbabwe,2010,-512676
Middle Africa,2010,441340
Angola,2010,357301
Cameroon,2010,-54000
Central African Republic,2010,-125614
Chad,2010,75000
Congo,2010,91771
Democratic Republic of Congo,2010,-43426
Equatorial Guinea,2010,80001
Gabon,2010,63698
Sao Tome and Principe,2010,-3391
Southern Africa,2010,767167
Botswana,2010,26928
Eswatini,2010,-38219
Lesotho,2010,-92476
Namibia,2010,8713
South Africa,2010,862221
Western Africa,2010,-983641
Benin,2010,-48776
Burkina Faso,2010,-125000
Cape Verde,2010,-11341
Cote d'Ivoire,2010,-200000
Gambia,2010,-15436
Ghana,2010,150000
Guinea,2010,-311422
Guinea-Bissau,2010,-17502
Liberia,2010,175585
Mali,2010,-100823
Mauritania,2010,10001
Niger,2010,-20001
Nigeria,2010,-300000
Senegal,2010,-218014
Sierra Leone,2010,60000
Togo,2010,-10598
Northern Africa and Western Asia,2010,4010244
Northern Africa,2010,-2342645
Algeria,2010,-357340
Egypt,2010,-283573
Libya,2010,-118555
Morocco,2010,-565140
Sudan,2010,-982687
Tunisia,2010,-40641
Western Sahara,2010,5291
Western Asia,2010,6352889
Armenia,2010,-183361
Azerbaijan,2010,53579
Bahrain,2010,272000
Cyprus,2010,58658
Georgia,2010,-119811
Iraq,2010,-1102117
Israel,2010,273635
Jordan,2010,649995
Kuwait,2010,479500
Lebanon,2010,-26882
Oman,2010,267000
Qatar,2010,914602
Saudi Arabia,2010,1073093
Palestine,2010,-103670
Syria,2010,370000
Turkey,2010,-50000
United Arab Emirates,2010,3592436
Yemen,2010,-65768
 Central and Southern Asia,2010,-9818745
Central Asia,2010,-460435
Kazakhstan,2010,-35196
Kyrgyzstan,2010,-76604
Tajikistan,2010,-145788
Turkmenistan,2010,-62717
Uzbekistan,2010,-140130
Southern Asia,2010,-9358310
Afghanistan,2010,-1046361
Bangladesh,2010,-3254778
Bhutan,2010,-10971
India,2010,-2655844
Iran,2010,-576900
Maldives,2010,17994
Nepal,2010,-971580
Pakistan,2010,-339805
Sri Lanka,2010,-520065
 Eastern and South-Eastern Asia,2010,-5633911
Eastern Asia,2010,-1710900
China,2010,-2178385
Hong Kong,2010,89747
Macao,2010,42381
 Taiwan,2010,250002
North Korea,2010,-24681
Japan,2010,277580
Mongolia,2010,-10998
South Korea,2010,-156546
South-Eastern Asia,2010,-3923011
Brunei,2010,-2257
Cambodia,2010,-295987
Indonesia,2010,-1333685
Laos,2010,-110258
Malaysia,2010,761878
Myanmar,2010,-1336928
Philippines,2010,-1548077
Singapore,2010,721338
Thailand,2010,59008
Timor-Leste,2010,-38074
Vietnam,2010,-799969
Latin America and the Caribbean,2010,-3793490
Caribbean,2010,-767418
Antigua and Barbuda,2010,1887
Aruba,2010,-441
Bahamas,2010,14536
Barbados,2010,-249
Cuba,2010,-240000
Curacao,2010,15363
Dominican Republic,2010,-153773
Grenada,2010,-3526
Guadeloupe,2010,-12268
Haiti,2010,-138004
Jamaica,2010,-87319
Martinique,2010,-14113
Puerto Rico,2010,-138043
Saint Lucia,2010,4360
Saint Vincent and the Grenadines,2010,-5696
Trinidad and Tobago,2010,-18605
United States Virgin Islands,2010,-6267
Central America,2010,-1081011
Belize,2010,8722
Costa Rica,2010,30339
El Salvador,2010,-285671
Guatemala,2010,-114231
Honduras,2010,-25000
Mexico,2010,-562404
Nicaragua,2010,-155010
Panama,2010,22244
South America,2010,-1945061
Argentina,2010,-120000
Bolivia,2010,-67700
Brazil,2010,0
Chile,2010,107169
Colombia,2010,-195000
Ecuador,2010,-44999
French Guiana,2010,3004
Guyana,2010,-50078
Paraguay,2010,-117900
Peru,2010,-1202758
Suriname,2010,-6485
Uruguay,2010,-50000
Venezuela,2010,-200220
Australia/New Zealand,2010,1273215
Australia,2010,1210802
New Zealand,2010,62413
Oceania (excluding Australia and New Zealand),2010,-87255
Melanesia,2010,-939
Fiji,2010,-23691
New Caledonia,2010,1705
Papua New Guinea,2010,38578
Solomon Islands,2010,-14256
Vanuatu,2010,-3275
Micronesia (country),2010,-39802
Guam,2010,-9776
Kiribati,2010,-295
Micronesia (region),2010,-12278
Polynesia,2010,-46514
French Polynesia,2010,-9019
Samoa,2010,-15085
Tonga,2010,-7761
Europe and Northern America,2010,15394334
Europe,2010,8643210
Eastern Europe,2010,1842570
Belarus,2010,63933
Bulgaria,2010,-83742
Czechia,2010,250889
Hungary,2010,25150
Poland,2010,-178456
Moldova,2010,-47911
Romania,2010,-774651
Russia,2010,2326672
Slovakia,2010,-8855
Ukraine,2010,269541
Northern Europe,2010,2726465
Channel Islands,2010,5970
Denmark,2010,87989
Estonia,2010,-15151
Finland,2010,57558
Iceland,2010,12007
Ireland,2010,197285
Latvia,2010,-86594
Lithuania,2010,-150930
Norway,2010,163433
Sweden,2010,262453
United Kingdom,2010,2189404
Southern Europe,2010,2681977
Albania,2010,-217358
Bosnia and Herzegovina,2010,-59246
Croatia,2010,-10499
Greece,2010,-370769
Italy,2010,1050948
Malta,2010,5737
Montenegro,2010,-683
North Macedonia,2010,-7399
Portugal,2010,92133
Serbia,2010,-119556
Slovenia,2010,39348
Spain,2010,2273848
Western Europe,2010,1392198
Austria,2010,153763
Belgium,2010,294270
France,2010,446120
Germany,2010,43087
Luxembourg,2010,42279
Netherlands,2010,65713
Switzerland,2010,344872
Northern America,2010,6751124
Canada,2010,1326431
United States,2010,5428756
World,2015,2
More developed regions,2015,14527443
Less developed regions,2015,-14527441
Least developed countries,2015,-7625020
"Less developed regions, excluding least developed countries",2015,-6902421
"Less developed regions, excluding China",2015,-13262473
Land-locked Developing Countries (LLDC),2015,-3803020
Small Island Developing States (SIDS),2015,-531273
High-income countries,2015,18325941
Middle-income countries,2015,-8057995
Upper-middle-income countries,2015,3312743
Lower-middle-income countries,2015,-11370738
Low-income countries,2015,-10216206
No income group available,2015,-51738
Africa,2015,-4261285
Asia,2015,-6954301
Europe,2015,6890321
Latin America and the Caribbean,2015,-2830384
Northern America,2015,6198719
Oceania,2015,956932
Sub-Saharan Africa,2015,-2484680
Eastern Africa,2015,-1776410
Burundi,2015,-70001
Comoros,2015,-10000
Djibouti,2015,6002
Eritrea,2015,-246000
Ethiopia,2015,399997
Kenya,2015,-50000
Madagascar,2015,-7500
Malawi,2015,-80263
Mauritius,2015,-12079
Mayotte,2015,-1500
Mozambique,2015,-25000
Reunion,2015,-14141
Rwanda,2015,-108094
Seychelles,2015,-1000
Somalia,2015,-233405
South Sudan,2015,-100000
Uganda,2015,-299994
 Tanzania,2015,-250435
Zambia,2015,-50000
Zimbabwe,2015,-622997
Middle Africa,2015,-28886
Angola,2015,166267
Cameroon,2015,-36000
Central African Republic,2015,-396129
Chad,2015,100000
Congo,2015,-60000
Democratic Republic of Congo,2015,15060
Equatorial Guinea,2015,89999
Gabon,2015,100317
Sao Tome and Principe,2015,-8400
Southern Africa,2015,720057
Botswana,2015,-73138
Eswatini,2015,-41764
Lesotho,2015,-47704
Namibia,2015,-37034
South Africa,2015,919697
Western Africa,2015,-1399441
Benin,2015,-42268
Burkina Faso,2015,-125000
Cape Verde,2015,-8029
Cote d'Ivoire,2015,-80000
Gambia,2015,-15436
Ghana,2015,-50000
Guinea,2015,-293749
Guinea-Bissau,2015,-7005
Liberia,2015,25000
Mali,2015,-302449
Mauritania,2015,25002
Niger,2015,18911
Nigeria,2015,-300000
Senegal,2015,-214002
Sierra Leone,2015,-21000
Togo,2015,-9994
Northern Africa and Western Asia,2015,1950200
Northern Africa,2015,-1776605
Algeria,2015,-143268
Egypt,2015,-280944
Libya,2015,-300002
Morocco,2015,-367108
Sudan,2015,-538145
Tunisia,2015,-150000
Western Sahara,2015,2862
Western Asia,2015,3726805
Armenia,2015,-30535
Azerbaijan,2015,8499
Bahrain,2015,42000
Cyprus,2015,22509
Georgia,2015,-95340
Iraq,2015,1303607
Israel,2015,19497
Jordan,2015,1056759
Kuwait,2015,580000
Lebanon,2015,1192354
Oman,2015,885782
Qatar,2015,604852
Saudi Arabia,2015,1722804
Palestine,2015,-157065
Syria,2015,-5386986
Turkey,2015,1763078
United Arab Emirates,2015,270000
Yemen,2015,-75010
 Central and Southern Asia,2015,-8370001
Central Asia,2015,-186991
Kazakhstan,2015,159807
Kyrgyzstan,2015,-93353
Tajikistan,2015,-136974
Turkmenistan,2015,-50002
Uzbekistan,2015,-66469
Southern Asia,2015,-8183010
Afghanistan,2015,521769
Bangladesh,2015,-2306839
Bhutan,2015,300
India,2015,-2350075
Iran,2015,-502345
Maldives,2015,58358
Nepal,2015,-2040239
Pakistan,2015,-1079167
Sri Lanka,2015,-484772
 Eastern and South-Eastern Asia,2015,-2311105
Eastern Asia,2015,-536927
China,2015,-1552209
Hong Kong,2015,74892
Macao,2015,42350
 Taiwan,2015,169999
North Korea,2015,-27013
Japan,2015,358133
Mongolia,2015,-4262
South Korea,2015,401183
South-Eastern Asia,2015,-1774178
Brunei,2015,-901
Cambodia,2015,-149999
Indonesia,2015,-454447
Laos,2015,-112313
Malaysia,2015,249999
Myanmar,2015,-528211
Philippines,2015,-834619
Singapore,2015,317028
Thailand,2015,167314
Timor-Leste,2015,-28030
Vietnam,2015,-399999
Latin America and the Caribbean,2015,-2830384
Caribbean,2015,-714222
Antigua and Barbuda,2015,943
Aruba,2015,1253
Bahamas,2015,4999
Barbados,2015,-397
Cuba,2015,-80000
Curacao,2015,6817
Dominican Republic,2015,-153000
Grenada,2015,-1000
Guadeloupe,2015,-15839
Haiti,2015,-150000
Jamaica,2015,-56658
Martinique,2015,-22635
Puerto Rico,2015,-242701
Saint Lucia,2015,0
Saint Vincent and the Grenadines,2015,-2934
Trinidad and Tobago,2015,-3999
United States Virgin Islands,2015,-4501
Central America,2015,-822686
Belize,2015,7594
Costa Rica,2015,19658
El Salvador,2015,-240415
Guatemala,2015,-50131
Honduras,2015,-30000
Mexico,2015,-422477
Nicaragua,2015,-135020
Panama,2015,28105
South America,2015,-1293476
Argentina,2015,30000
Bolivia,2015,-57620
Brazil,2015,15924
Chile,2015,163730
Colombia,2015,-193380
Ecuador,2015,-38001
French Guiana,2015,-1057
Guyana,2015,-34999
Paraguay,2015,-87130
Peru,2015,-624809
Suriname,2015,-5000
Uruguay,2015,-30000
Venezuela,2015,-431040
Australia/New Zealand,2015,1080270
Australia,2015,989375
New Zealand,2015,90895
Oceania (excluding Australia and New Zealand),2015,-123338
Melanesia,2015,-59159
Fiji,2015,-51950
New Caledonia,2015,3003
Papua New Guinea,2015,-3999
Solomon Islands,2015,-7998
Vanuatu,2015,1785
Micronesia (country),2015,-22922
Guam,2015,-7594
Kiribati,2015,-4123
Micronesia (region),2015,-2999
Polynesia,2015,-41257
French Polynesia,2015,-8016
Samoa,2015,-12189
Tonga,2015,-12992
Europe and Northern America,2015,13089040
Europe,2015,6890321
Eastern Europe,2015,1453920
Belarus,2015,72123
Bulgaria,2015,-24472
Czechia,2015,59997
Hungary,2015,29999
Poland,2015,-320806
Moldova,2015,-7020
Romania,2015,-300001
Russia,2015,1800600
Slovakia,2015,11346
Ukraine,2015,132154
Northern Europe,2015,1611447
Channel Islands,2015,3570
Denmark,2015,106841
Estonia,2015,-10516
Finland,2015,81416
Iceland,2015,-2163
Ireland,2015,-111819
Latvia,2015,-83325
Lithuania,2015,-146217
Norway,2015,221814
Sweden,2015,253958
United Kingdom,2015,1300231
Southern Europe,2015,425216
Albania,2015,-136590
Bosnia and Herzegovina,2015,-258529
Croatia,2015,-38493
Greece,2015,-161799
Italy,2015,1637369
Malta,2015,15505
Montenegro,2015,-3112
North Macedonia,2015,-8853
Portugal,2015,-140000
Serbia,2015,29559
Slovenia,2015,16571
Spain,2015,-520442
Western Europe,2015,3399738
Austria,2015,267172
Belgium,2015,258672
France,2015,423831
Germany,2015,1938576
Luxembourg,2015,48704
Netherlands,2015,62687
Switzerland,2015,397267
Northern America,2015,6198719
Canada,2015,1241416
United States,2015,4961716
World,2020,4
More developed regions,2020,14010486
Less developed regions,2020,-14010482
Least developed countries,2020,-4861815
"Less developed regions, excluding least developed countries",2020,-9148667
"Less developed regions, excluding China",2020,-12590032
Land-locked Developing Countries (LLDC),2020,-1811839
Small Island Developing States (SIDS),2020,-694605
High-income countries,2020,16243037
Middle-income countries,2020,-11759743
Upper-middle-income countries,2020,-1471945
Lower-middle-income countries,2020,-10287798
Low-income countries,2020,-4498393
No income group available,2020,15103
Africa,2020,-2315121
Asia,2020,-8645562
Europe,2020,6805054
Latin America and the Caribbean,2020,-2607495
Northern America,2020,5982000
Oceania,2020,781128
Sub-Saharan Africa,2020,-1565771
Eastern Africa,2020,-1312025
Burundi,2020,10003
Comoros,2020,-10000
Djibouti,2020,4501
Eritrea,2020,-199290
Ethiopia,2020,150002
Kenya,2020,-50000
Madagascar,2020,-7500
Malawi,2020,-80263
Mauritius,2020,0
Mayotte,2020,0
Mozambique,2020,-25000
Reunion,2020,-6280
Rwanda,2020,-44998
Seychelles,2020,-1000
Somalia,2020,-200002
South Sudan,2020,-870998
Uganda,2020,843469
 Tanzania,2020,-200381
Zambia,2020,-40000
Zimbabwe,2020,-584288
Middle Africa,2020,5267
Angola,2020,32066
Cameroon,2020,-24000
Central African Republic,2020,-200000
Chad,2020,10000
Congo,2020,-20000
Democratic Republic of Congo,2020,119303
Equatorial Guinea,2020,79998
Gabon,2020,16300
Sao Tome and Principe,2020,-8401
Southern Africa,2020,625997
Botswana,2020,14999
Eswatini,2020,-41764
Lesotho,2020,-50234
Namibia,2020,-24030
South Africa,2020,727026
Western Africa,2020,-885010
Benin,2020,-10000
Burkina Faso,2020,-125000
Cape Verde,2020,-6709
Cote d'Ivoire,2020,-40000
Gambia,2020,-15436
Ghana,2020,-50000
Guinea,2020,-20000
Guinea-Bissau,2020,-6996
Liberia,2020,-25000
Mali,2020,-200000
Mauritania,2020,25002
Niger,2020,20001
Nigeria,2020,-300000
Senegal,2020,-100001
Sierra Leone,2020,-21000
Togo,2020,-9999
Northern Africa and Western Asia,2020,225210
Northern Africa,2020,-749350
Algeria,2020,-50002
Egypt,2020,-190164
Libya,2020,-9997
Morocco,2020,-257096
Sudan,2020,-250001
Tunisia,2020,-20000
Western Sahara,2020,27910
Western Asia,2020,974560
Armenia,2020,-24989
Azerbaijan,2020,6002
Bahrain,2020,239000
Cyprus,2020,25000
Georgia,2020,-50000
Iraq,2020,39171
Israel,2020,50002
Jordan,2020,51099
Kuwait,2020,197600
Lebanon,2020,-150060
Oman,2020,437000
Qatar,2020,200000
Saudi Arabia,2020,674895
Palestine,2020,-52816
Syria,2020,-2136954
Turkey,2020,1419610
United Arab Emirates,2020,200000
Yemen,2020,-150000
 Central and Southern Asia,2020,-6769678
Central Asia,2020,-279314
Kazakhstan,2020,-90000
Kyrgyzstan,2020,-20000
Tajikistan,2020,-99999
Turkmenistan,2020,-25001
Uzbekistan,2020,-44314
Southern Asia,2020,-6490364
Afghanistan,2020,-314602
Bangladesh,2020,-1847503
Bhutan,2020,1600
India,2020,-2663434
Iran,2020,-274998
Maldives,2020,56851
Nepal,2020,208549
Pakistan,2020,-1166895
Sri Lanka,2020,-489932
 Eastern and South-Eastern Asia,2020,-2850444
Eastern Asia,2020,-1035268
China,2020,-1741996
Hong Kong,2020,146542
Macao,2020,25000
 Taiwan,2020,150004
North Korea,2020,-27013
Japan,2020,357800
Mongolia,2020,-4262
South Korea,2020,58657
South-Eastern Asia,2020,-1815176
Brunei,2020,0
Cambodia,2020,-149999
Indonesia,2020,-494777
Laos,2020,-73518
Malaysia,2020,249999
Myanmar,2020,-816564
Philippines,2020,-335758
Singapore,2020,135142
Thailand,2020,97222
Timor-Leste,2020,-26924
Vietnam,2020,-399999
Latin America and the Caribbean,2020,-2607495
Caribbean,2020,-951328
Antigua and Barbuda,2020,0
Aruba,2020,1004
Bahamas,2020,4999
Barbados,2020,-397
Cuba,2020,-72000
Curacao,2020,2573
Dominican Republic,2020,-150000
Grenada,2020,-1000
Guadeloupe,2020,-7200
Haiti,2020,-175000
Jamaica,2020,-56658
Martinique,2020,-4800
Puerto Rico,2020,-489932
Saint Lucia,2020,0
Saint Vincent and the Grenadines,2020,-1000
Trinidad and Tobago,2020,-3999
United States Virgin Islands,2020,-2254
Central America,2020,-606127
Belize,2020,6000
Costa Rica,2020,21000
El Salvador,2020,-202694
Guatemala,2020,-46073
Honduras,2020,-34000
Mexico,2020,-300000
Nicaragua,2020,-106360
Panama,2020,56000
South America,2020,-1050040
Argentina,2020,24000
Bolivia,2020,-47520
Brazil,2020,106000
Chile,2020,558539
Colombia,2020,1023981
Ecuador,2020,182000
French Guiana,2020,6000
Guyana,2020,-30001
Paraguay,2020,-82780
Peru,2020,495345
Suriname,2020,-4999
Uruguay,2020,-15000
Venezuela,2020,-3266243
Australia/New Zealand,2020,865632
Australia,2020,791229
New Zealand,2020,74403
Oceania (excluding Australia and New Zealand),2020,-84504
Melanesia,2020,-39895
Fiji,2020,-31008
New Caledonia,2020,2510
Papua New Guinea,2020,-3999
Solomon Islands,2020,-7998
Vanuatu,2020,600
Micronesia (country),2020,-14787
Guam,2020,-2532
Kiribati,2020,-3999
Micronesia (region),2020,-2999
Polynesia,2020,-29822
French Polynesia,2020,-5000
Samoa,2020,-14013
Tonga,2020,-3999
Europe and Northern America,2020,12787054
Europe,2020,6805054
Eastern Europe,2020,605498
Belarus,2020,43648
Bulgaria,2020,-24001
Czechia,2020,110057
Hungary,2020,29999
Poland,2020,-146976
Moldova,2020,-6935
Romania,2020,-369997
Russia,2020,912279
Slovakia,2020,7423
Ukraine,2020,50001
Northern Europe,2020,1699590
Channel Islands,2020,6754
Denmark,2020,75998
Estonia,2020,19555
Finland,2020,70000
Iceland,2020,1900
Ireland,2020,118020
Latvia,2020,-74186
Lithuania,2020,-163902
Norway,2020,140000
Sweden,2020,200000
United Kingdom,2020,1303250
Southern Europe,2020,643230
Albania,2020,-69998
Bosnia and Herzegovina,2020,-107926
Croatia,2020,-40004
Greece,2020,-80000
Italy,2020,744713
Malta,2020,4501
Montenegro,2020,-2400
North Macedonia,2020,-4999
Portugal,2020,-30001
Serbia,2020,20000
Slovenia,2020,9999
Spain,2020,200000
Western Europe,2020,3856736
Austria,2020,324998
Belgium,2020,240000
France,2020,182636
Germany,2020,2719112
Luxembourg,2020,48704
Netherlands,2020,80000
Switzerland,2020,259999
Northern America,2020,5982000
Canada,2020,1210159
United States,2020,4774029
