Country,Year,undesa_international_migrants_by_destination
World,1990,152986157
Sub-Saharan Africa,1990,13286341
Northern Africa and Western Asia,1990,17608769
Central and Southern Asia,1990,26168623
Eastern and South-Eastern Asia,1990,6835882
Latin America and the Caribbean,1990,7135971
Oceania (excluding Australia and New Zealand),1990,258678
Australia and New Zealand,1990,4473260
Europe and Northern America,1990,77218633
Developed regions,1990,82767210
Less developed regions,1990,70218947
"Less developed regions, excluding least developed countries",1990,59158726
"Less developed regions, excluding China",1990,67419066
Least developed countries,1990,11060221
Land-locked Developing Countries (LLDC),1990,14212843
Small island developing States (SIDS),1990,2312665
High-income countries,1990,76295202
Middle-income countries,1990,67228996
Upper-middle-income countries,1990,35289343
Lower-middle-income countries,1990,31939653
Low-income countries,1990,9193274
Africa,1990,15689666
Eastern Africa,1990,5959183
Burundi,1990,333110
Comoros,1990,14079
Djibouti,1990,122221
Eritrea,1990,11848
Ethiopia,1990,1155390
Kenya,1990,298089
Madagascar,1990,23917
Malawi,1990,1127724
Mauritius,1990,3613
Mayotte,1990,15229
Mozambique,1990,122332
Reunion,1990,57210
Rwanda,1990,160024
Seychelles,1990,3721
Somalia,1990,478294
Uganda,1990,544273
Tanzania,1990,574025
Zambia,1990,279463
Zimbabwe,1990,634621
Middle Africa,1990,1461155
Angola,1990,33517
Cameroon,1990,265967
Central African Republic,1990,67234
Chad,1990,74342
Congo,1990,129391
Democratic Republic of Congo,1990,754194
Equatorial Guinea,1990,2740
Gabon,1990,128188
Sao Tome and Principe,1990,5582
Northern Africa,1990,2403325
Algeria,1990,273954
Egypt,1990,173833
Libya,1990,457075
Morocco,1990,54895
Sudan,1990,1402896
Tunisia,1990,37984
Western Sahara,1990,2688
Southern Africa,1990,1395265
Botswana,1990,27510
Eswatini,1990,74991
Lesotho,1990,8240
Namibia,1990,120641
South Africa,1990,1163883
Western Africa,1990,4470738
Benin,1990,76751
Burkina Faso,1990,349652
Cape Verde,1990,8931
Cote d'Ivoire,1990,1816426
Gambia,1990,118123
Ghana,1990,164851
Guinea,1990,403621
Guinea-Bissau,1990,15368
Liberia,1990,94964
Mali,1990,160736
Mauritania,1990,111650
Niger,1990,115464
Nigeria,1990,456621
Saint Helena,1990,178
Senegal,1990,270410
Sierra Leone,1990,222148
Togo,1990,84844
Asia,1990,48209949
Central Asia,1990,6630683
Kazakhstan,1990,3619200
Kyrgyzstan,1990,623083
Tajikistan,1990,428900
Turkmenistan,1990,306500
Uzbekistan,1990,1653000
Eastern Asia,1990,3959266
China,1990,376361
Hong Kong,1990,2218473
Macao,1990,205047
North Korea,1990,34103
Japan,1990,1075317
Mongolia,1990,6718
South Korea,1990,43247
South-Eastern Asia,1990,2876616
Brunei,1990,73200
Cambodia,1990,38375
Indonesia,1990,465612
Laos,1990,22866
Malaysia,1990,695920
Myanmar,1990,133545
Philippines,1990,154071
Singapore,1990,727262
Thailand,1990,528693
Timor-Leste,1990,8954
Vietnam,1990,28118
Southern Asia,1990,19537940
Afghanistan,1990,57686
Bangladesh,1990,881617
Bhutan,1990,23807
India,1990,7594801
Iran,1990,4291601
Maldives,1990,8689
Nepal,1990,429974
Pakistan,1990,6208204
Sri Lanka,1990,41561
Western Asia,1990,15205444
Armenia,1990,658789
Azerbaijan,1990,360600
Bahrain,1990,173212
Cyprus,1990,43805
Georgia,1990,304470
Iraq,1990,83638
Israel,1990,1632704
Jordan,1990,1146349
Kuwait,1990,1074391
Lebanon,1990,523693
Oman,1990,304000
Qatar,1990,309753
Saudi Arabia,1990,4998445
Palestine,1990,288332
Syria,1990,714140
Turkey,1990,1163686
United Arab Emirates,1990,1306574
Yemen,1990,118863
Europe,1990,49608225
Eastern Europe,1990,21995312
Belarus,1990,1248977
Bulgaria,1990,21510
Czechia,1990,110394
Hungary,1990,347510
Poland,1990,1127771
Moldova,1990,544162
Romania,1990,135825
Russia,1990,11524948
Slovakia,1990,41295
Ukraine,1990,6892920
Northern Europe,1990,6645605
Channel Islands,1990,61660
Denmark,1990,235189
Estonia,1990,381997
Faeroe Islands,1990,4285
Finland,1990,63255
Iceland,1990,9584
Ireland,1990,227961
Isle of Man,1990,34769
Latvia,1990,646007
Lithuania,1990,349258
Norway,1990,192587
Sweden,1990,788767
United Kingdom,1990,3650286
Southern Europe,1990,4340433
Albania,1990,66013
Andorra,1990,38891
Bosnia and Herzegovina,1990,56000
Croatia,1990,475438
Gibraltar,1990,8709
Greece,1990,618139
Vatican,1990,762
Italy,1990,1428219
Malta,1990,15077
North Macedonia,1990,95142
Portugal,1990,435782
San Marino,1990,3310
Serbia,1990,99269
Slovenia,1990,178077
Spain,1990,821605
Western Europe,1990,16626875
Austria,1990,793239
Belgium,1990,1280583
France,1990,5897267
Germany,1990,5936181
Liechtenstein,1990,10906
Luxembourg,1990,113795
Monaco,1990,20359
Netherlands,1990,1182263
Switzerland,1990,1392282
Latin America and the Caribbean,1990,7135971
Caribbean,1990,1031083
Anguilla,1990,2570
Antigua and Barbuda,1990,12029
Aruba,1990,14444
Bahamas,1990,26855
Barbados,1990,24024
Bonaire Sint Eustatius and Saba,1990,13010
British Virgin Islands,1990,8035
Cayman Islands,1990,9315
Cuba,1990,34555
Dominica,1990,2519
Dominican Republic,1990,291151
Grenada,1990,4263
Guadeloupe,1990,65944
Haiti,1990,19084
Jamaica,1990,20475
Martinique,1990,38705
Montserrat,1990,2013
Puerto Rico,1990,321909
Saint Kitts and Nevis,1990,3210
Saint Lucia,1990,5305
Saint Vincent and the Grenadines,1990,3970
Trinidad and Tobago,1990,50666
Turks and Caicos Islands,1990,5062
United States Virgin Islands,1990,51970
Central America,1990,1829911
Belize,1990,30404
Costa Rica,1990,417628
El Salvador,1990,47360
Guatemala,1990,264257
Honduras,1990,270423
Mexico,1990,695674
Nicaragua,1990,41421
Panama,1990,62744
South America,1990,4274977
Argentina,1990,1649919
Bolivia,1990,73758
Brazil,1990,798517
Chile,1990,107501
Colombia,1990,104277
Ecuador,1990,78663
Falkland Islands,1990,855
French Guiana,1990,63612
Guyana,1990,4095
Paraguay,1990,195884
Peru,1990,56688
Suriname,1990,18083
Uruguay,1990,98116
Venezuela,1990,1025009
Northern America,1990,27610408
Bermuda,1990,15683
Canada,1990,4333318
Greenland,1990,9282
Saint Pierre and Miquelon,1990,1099
United States,1990,23251026
Oceania,1990,4731938
Australia and New Zealand,1990,4473260
Australia,1990,3955213
New Zealand,1990,518047
Melanesia,1990,91200
Fiji,1990,13283
New Caledonia,1990,37673
Papua New Guinea,1990,33710
Solomon Islands,1990,4226
Vanuatu,1990,2308
Micronesia (country),1990,108969
Guam,1990,69755
Kiribati,1990,2162
Marshall Islands,1990,1158
Micronesia (region),1990,3685
Nauru,1990,2815
Northern Mariana Islands,1990,26593
Palau,1990,2801
Polynesia,1990,58509
American Samoa,1990,21283
Cook Islands,1990,2587
French Polynesia,1990,25830
Niue,1990,461
Samoa,1990,3357
Tokelau,1990,360
Tonga,1990,2911
Tuvalu,1990,318
Wallis and Futuna,1990,1402
World,1995,161289976
Sub-Saharan Africa,1995,14275437
Northern Africa and Western Asia,1995,18912064
Central and Southern Asia,1995,21247814
Eastern and South-Eastern Asia,1995,8339806
Latin America and the Caribbean,1995,6661553
Oceania (excluding Australia and New Zealand),1995,280580
Australia and New Zealand,1995,4741947
Europe and Northern America,1995,86830775
Developed regions,1995,92935093
Less developed regions,1995,68354883
"Less developed regions, excluding least developed countries",1995,56673106
"Less developed regions, excluding China",1995,65243958
Least developed countries,1995,11681777
Land-locked Developing Countries (LLDC),1995,12370057
Small island developing States (SIDS),1995,2758806
High-income countries,1995,87896678
Middle-income countries,1995,64071357
Upper-middle-income countries,1995,35213683
Lower-middle-income countries,1995,28857674
Low-income countries,1995,8995692
Africa,1995,16357077
Eastern Africa,1995,4977644
Burundi,1995,254853
Comoros,1995,13939
Djibouti,1995,99774
Eritrea,1995,12400
Ethiopia,1995,806904
Kenya,1995,618745
Madagascar,1995,21177
Malawi,1995,241624
Mauritius,1995,7493
Mayotte,1995,26316
Mozambique,1995,168256
Reunion,1995,77159
Rwanda,1995,215735
Seychelles,1995,5148
Somalia,1995,19527
Uganda,1995,606987
Tanzania,1995,1106043
Zambia,1995,244338
Zimbabwe,1995,431226
Middle Africa,1995,2662490
Angola,1995,39813
Cameroon,1995,244791
Central African Republic,1995,99712
Chad,1995,89584
Congo,1995,191635
Democratic Republic of Congo,1995,1816963
Equatorial Guinea,1995,3629
Gabon,1995,171427
Sao Tome and Principe,1995,4936
Northern Africa,1995,2081640
Algeria,1995,262032
Egypt,1995,166955
Libya,1995,508041
Morocco,1995,50360
Sudan,1995,1053396
Tunisia,1995,37867
Western Sahara,1995,2989
Southern Africa,1995,1201708
Botswana,1995,40168
Eswatini,1995,35157
Lesotho,1995,7204
Namibia,1995,115372
South Africa,1995,1003807
Western Africa,1995,5433595
Benin,1995,105703
Burkina Faso,1995,464104
Cape Verde,1995,9979
Cote d'Ivoire,1995,2076394
Gambia,1995,150890
Ghana,1995,252879
Guinea,1995,774505
Guinea-Bissau,1995,27961
Liberia,1995,208563
Mali,1995,176187
Mauritania,1995,89562
Niger,1995,145999
Nigeria,1995,462999
Saint Helena,1995,117
Senegal,1995,287654
Sierra Leone,1995,98516
Togo,1995,101583
Asia,1995,46418044
Central Asia,1995,5904795
Kazakhstan,1995,3251968
Kyrgyzstan,1995,518338
Tajikistan,1995,348347
Turkmenistan,1995,273565
Uzbekistan,1995,1512577
Eastern Asia,1995,4639749
China,1995,442198
Hong Kong,1995,2443798
Macao,1995,224929
North Korea,1995,35143
Japan,1995,1362371
Mongolia,1995,7424
South Korea,1995,123886
South-Eastern Asia,1995,3700057
Brunei,1995,84748
Cambodia,1995,92230
Indonesia,1995,378960
Laos,1995,23526
Malaysia,1995,937368
Myanmar,1995,113663
Philippines,1995,207345
Singapore,1995,991492
Thailand,1995,809720
Timor-Leste,1995,9743
Vietnam,1995,51262
Southern Asia,1995,15343019
Afghanistan,1995,71522
Bangladesh,1995,934735
Bhutan,1995,27972
India,1995,6952238
Iran,1995,2937668
Maldives,1995,18510
Nepal,1995,690225
Pakistan,1995,3669308
Sri Lanka,1995,40841
Western Asia,1995,16830424
Armenia,1995,693999
Azerbaijan,1995,344070
Bahrain,1995,205979
Cyprus,1995,61941
Georgia,1995,152235
Iraq,1995,199460
Israel,1995,1792185
Jordan,1995,1537097
Kuwait,1995,921954
Lebanon,1995,608303
Oman,1995,539643
Qatar,1995,361673
Saudi Arabia,1995,5122702
Palestine,1995,281767
Syria,1995,830610
Turkey,1995,1216173
United Arab Emirates,1995,1824118
Yemen,1995,136515
Europe,1995,53489827
Eastern Europe,1995,21344124
Belarus,1995,1186282
Bulgaria,1995,32435
Czechia,1995,165592
Hungary,1995,322234
Poland,1995,964725
Moldova,1995,367231
Romania,1995,135037
Russia,1995,11928927
Slovakia,1995,69323
Ukraine,1995,6172338
Northern Europe,1995,7194824
Channel Islands,1995,60519
Denmark,1995,303108
Estonia,1995,315755
Faeroe Islands,1995,2900
Finland,1995,99729
Iceland,1995,12738
Ireland,1995,226892
Isle of Man,1995,36886
Latvia,1995,538093
Lithuania,1995,273587
Norway,1995,233302
Sweden,1995,936022
United Kingdom,1995,4155293
Southern Europe,1995,6230114
Albania,1995,71354
Andorra,1995,44206
Bosnia and Herzegovina,1995,69476
Croatia,1995,674085
Gibraltar,1995,8381
Greece,1995,857850
Vatican,1995,778
Italy,1995,1774954
Malta,1995,17740
North Macedonia,1995,109343
Portugal,1995,532822
San Marino,1995,3659
Serbia,1995,870980
Slovenia,1995,174419
Spain,1995,1020067
Western Europe,1995,18720765
Austria,1995,894893
Belgium,1995,1288003
France,1995,6087993
Germany,1995,7464406
Liechtenstein,1995,13311
Luxembourg,1995,126106
Monaco,1995,21060
Netherlands,1995,1346164
Switzerland,1995,1478829
Latin America and the Caribbean,1995,6661553
Caribbean,1995,1121563
Anguilla,1995,3317
Antigua and Barbuda,1995,17550
Aruba,1995,22274
Bahamas,1995,31654
Barbados,1995,26224
Bonaire Sint Eustatius and Saba,1995,15101
British Virgin Islands,1995,10046
Cayman Islands,1995,12666
Cuba,1995,26187
Dominica,1995,3121
Dominican Republic,1995,323381
Grenada,1995,5544
Guadeloupe,1995,74566
Haiti,1995,18129
Jamaica,1995,22713
Martinique,1995,46599
Montserrat,1995,1612
Puerto Rico,1995,338067
Saint Kitts and Nevis,1995,4248
Saint Lucia,1995,7155
Saint Vincent and the Grenadines,1995,4135
Trinidad and Tobago,1995,45994
Turks and Caicos Islands,1995,7039
United States Virgin Islands,1995,54241
Central America,1995,1298916
Belize,1995,33446
Costa Rica,1995,364287
El Salvador,1995,39537
Guatemala,1995,156188
Honduras,1995,149442
Mexico,1995,458549
Nicaragua,1995,26619
Panama,1995,70848
South America,1995,4241074
Argentina,1995,1595069
Bolivia,1995,83598
Brazil,1995,741557
Chile,1995,142417
Colombia,1995,106943
Ecuador,1995,115093
Falkland Islands,1995,868
French Guiana,1995,70131
Guyana,1995,6352
Paraguay,1995,186570
Peru,1995,56732
Suriname,1995,22320
Uruguay,1995,93428
Venezuela,1995,1019996
Northern America,1995,33340948
Bermuda,1995,16676
Canada,1995,4864778
Greenland,1995,7121
Saint Pierre and Miquelon,1995,1320
United States,1995,28451053
Oceania,1995,5022527
Australia and New Zealand,1995,4741947
Australia,1995,4153330
New Zealand,1995,588617
Melanesia,1995,96828
Fiji,1995,13001
New Caledonia,1995,43662
Papua New Guinea,1995,33526
Solomon Islands,1995,4178
Vanuatu,1995,2461
Micronesia (country),1995,118687
Guam,1995,71912
Kiribati,1995,2223
Marshall Islands,1995,1480
Micronesia (region),1995,3342
Nauru,1995,2605
Northern Mariana Islands,1995,32376
Palau,1995,4749
Polynesia,1995,65065
American Samoa,1995,23098
Cook Islands,1995,2686
French Polynesia,1995,28360
Niue,1995,480
Samoa,1995,4694
Tokelau,1995,506
Tonga,1995,3274
Tuvalu,1995,263
Wallis and Futuna,1995,1704
World,2000,173230585
Sub-Saharan Africa,2000,13151229
Northern Africa and Western Asia,2000,20321397
Central and Southern Asia,2000,20139825
Eastern and South-Eastern Asia,2000,10506212
Latin America and the Caribbean,2000,6539738
Oceania (excluding Australia and New Zealand),2000,296618
Australia and New Zealand,2000,5065063
Europe and Northern America,2000,97210503
Developed regions,2000,103962010
Less developed regions,2000,69268575
"Less developed regions, excluding least developed countries",2000,59204627
"Less developed regions, excluding China",2000,65850628
Least developed countries,2000,10063948
Land-locked Developing Countries (LLDC),2000,11503826
Small island developing States (SIDS),2000,3287168
High-income countries,2000,101641715
Middle-income countries,2000,63873275
Upper-middle-income countries,2000,35822210
Lower-middle-income countries,2000,28051065
Low-income countries,2000,7322731
Africa,2000,15051677
Eastern Africa,2000,4847119
Burundi,2000,125628
Comoros,2000,13799
Djibouti,2000,100507
Eritrea,2000,12952
Ethiopia,2000,611384
Kenya,2000,707852
Madagascar,2000,23541
Malawi,2000,232620
Mauritius,2000,15543
Mayotte,2000,45474
Mozambique,2000,195702
Reunion,2000,100678
Rwanda,2000,347076
Seychelles,2000,6574
Somalia,2000,20097
Uganda,2000,584280
Tanzania,2000,949600
Zambia,2000,343703
Zimbabwe,2000,410109
Middle Africa,2000,1775284
Angola,2000,46108
Cameroon,2000,227242
Central African Republic,2000,123529
Chad,2000,104825
Congo,2000,305880
Democratic Republic of Congo,2000,744387
Equatorial Guinea,2000,4517
Gabon,2000,214431
Sao Tome and Principe,2000,4365
Northern Africa,2000,1900448
Algeria,2000,250110
Egypt,2000,184774
Libya,2000,567436
Morocco,2000,53034
Sudan,2000,805086
Tunisia,2000,36719
Western Sahara,2000,3289
Southern Africa,2000,1267695
Botswana,2000,74934
Eswatini,2000,34084
Lesotho,2000,6167
Namibia,2000,135547
South Africa,2000,1016963
Western Africa,2000,5261131
Benin,2000,134655
Burkina Faso,2000,520363
Cape Verde,2000,11027
Cote d'Ivoire,2000,2163644
Gambia,2000,182514
Ghana,2000,191601
Guinea,2000,560075
Guinea-Bissau,2000,20450
Liberia,2000,151868
Mali,2000,189475
Mauritania,2000,57366
Niger,2000,122260
Nigeria,2000,487882
Saint Helena,2000,108
Senegal,2000,231901
Sierra Leone,2000,97974
Togo,2000,137968
Asia,2000,49066986
Central Asia,2000,5189082
Kazakhstan,2000,2874194
Kyrgyzstan,2000,389824
Tajikistan,2000,299499
Turkmenistan,2000,219067
Uzbekistan,2000,1406498
Eastern Asia,2000,5393004
China,2000,508034
Hong Kong,2000,2669122
Macao,2000,240791
North Korea,2000,36183
Japan,2000,1686444
Mongolia,2000,8206
South Korea,2000,244224
South-Eastern Asia,2000,5113208
Brunei,2000,96296
Cambodia,2000,146085
Indonesia,2000,292307
Laos,2000,21948
Malaysia,2000,1463598
Myanmar,2000,98011
Philippines,2000,318095
Singapore,2000,1351691
Thailand,2000,1257821
Timor-Leste,2000,10602
Vietnam,2000,56754
Southern Asia,2000,14950743
Afghanistan,2000,75917
Bangladesh,2000,987853
Bhutan,2000,32137
India,2000,6411331
Iran,2000,2476469
Maldives,2000,27092
Nepal,2000,717900
Pakistan,2000,4181912
Sri Lanka,2000,40132
Western Asia,2000,18420949
Armenia,2000,657900
Azerbaijan,2000,327540
Bahrain,2000,239361
Cyprus,2000,80076
Georgia,2000,76117
Iraq,2000,210525
Israel,2000,1851309
Jordan,2000,1927845
Kuwait,2000,1127640
Lebanon,2000,692913
Oman,2000,623608
Qatar,2000,359697
Saudi Arabia,2000,5263387
Palestine,2000,275202
Syria,2000,834916
Turkey,2000,1280963
United Arab Emirates,2000,2447010
Yemen,2000,144940
Europe,2000,56858793
Eastern Europe,2000,20435785
Belarus,2000,1123586
Bulgaria,2000,43360
Czechia,2000,220789
Hungary,2000,296957
Poland,2000,825251
Moldova,2000,247828
Romania,2000,134254
Russia,2000,11900297
Slovakia,2000,116376
Ukraine,2000,5527087
Northern Europe,2000,7900973
Channel Islands,2000,64301
Denmark,2000,371026
Estonia,2000,249512
Faeroe Islands,2000,3593
Finland,2000,136203
Iceland,2000,15892
Ireland,2000,350552
Isle of Man,2000,39002
Latvia,2000,430178
Lithuania,2000,214311
Norway,2000,292440
Sweden,2000,1003798
United Kingdom,2000,4730165
Southern Europe,2000,7681658
Albania,2000,76695
Andorra,2000,42147
Bosnia and Herzegovina,2000,82952
Croatia,2000,585298
Gibraltar,2000,8054
Greece,2000,1111665
Vatican,2000,790
Italy,2000,2121688
Malta,2000,21521
North Macedonia,2000,125665
Portugal,2000,651472
San Marino,2000,4045
Serbia,2000,977873
Slovenia,2000,214508
Spain,2000,1657285
Western Europe,2000,20840377
Austria,2000,996547
Belgium,2000,1268368
France,2000,6278718
Germany,2000,8992631
Liechtenstein,2000,15483
Luxembourg,2000,139750
Monaco,2000,21787
Netherlands,2000,1556337
Switzerland,2000,1570756
Latin America and the Caribbean,2000,6539738
Caribbean,2000,1216872
Anguilla,2000,4063
Antigua and Barbuda,2000,23071
Aruba,2000,30104
Bahamas,2000,36454
Barbados,2000,28424
Bonaire Sint Eustatius and Saba,2000,14387
British Virgin Islands,2000,12958
Cayman Islands,2000,19176
Cuba,2000,18545
Dominica,2000,3723
Dominican Republic,2000,355611
Grenada,2000,6825
Guadeloupe,2000,83188
Haiti,2000,17222
Jamaica,2000,24952
Martinique,2000,54492
Montserrat,2000,1211
Puerto Rico,2000,355038
Saint Kitts and Nevis,2000,5871
Saint Lucia,2000,9871
Saint Vincent and the Grenadines,2000,4307
Trinidad and Tobago,2000,41753
Turks and Caicos Islands,2000,9015
United States Virgin Islands,2000,56611
Central America,2000,1107577
Belize,2000,36488
Costa Rica,2000,310946
El Salvador,2000,31713
Guatemala,2000,48119
Honduras,2000,28461
Mexico,2000,538051
Nicaragua,2000,30389
Panama,2000,83410
South America,2000,4215289
Argentina,2000,1540219
Bolivia,2000,92658
Brazil,2000,684596
Chile,2000,177332
Colombia,2000,109609
Ecuador,2000,151523
Falkland Islands,2000,1067
French Guiana,2000,76649
Guyana,2000,8610
Paraguay,2000,176608
Peru,2000,66300
Suriname,2000,27506
Uruguay,2000,88874
Venezuela,2000,1013738
Northern America,2000,40351710
Bermuda,2000,17684
Canada,2000,5511914
Greenland,2000,6601
Saint Pierre and Miquelon,2000,1458
United States,2000,34814053
Oceania,2000,5361681
Australia and New Zealand,2000,5065063
Australia,2000,4386250
New Zealand,2000,678813
Melanesia,2000,95281
Fiji,2000,12719
New Caledonia,2000,49651
Papua New Guinea,2000,26304
Solomon Islands,2000,3981
Vanuatu,2000,2626
Micronesia (country),2000,130186
Guam,2000,74070
Kiribati,2000,2283
Marshall Islands,2000,1891
Micronesia (region),2000,3116
Nauru,2000,2394
Northern Mariana Islands,2000,40122
Palau,2000,6310
Polynesia,2000,71151
American Samoa,2000,24912
Cook Islands,2000,2785
French Polynesia,2000,30329
Niue,2000,498
Samoa,2000,5998
Tokelau,2000,712
Tonga,2000,3684
Tuvalu,2000,218
Wallis and Futuna,2000,2015
World,2005,191446828
Sub-Saharan Africa,2005,14290369
Northern Africa and Western Asia,2005,23165804
Central and Southern Asia,2005,18854544
Eastern and South-Eastern Asia,2005,12979157
Latin America and the Caribbean,2005,7184113
Oceania (excluding Australia and New Zealand),2005,306039
Australia and New Zealand,2005,5717982
Europe and Northern America,2005,108948820
Developed regions,2005,116678357
Less developed regions,2005,74768471
"Less developed regions, excluding least developed countries",2005,64976460
"Less developed regions, excluding China",2005,71088981
Least developed countries,2005,9792011
Land-locked Developing Countries (LLDC),2005,11576028
Small island developing States (SIDS),2005,3918084
High-income countries,2005,119026154
Middle-income countries,2005,64747471
Upper-middle-income countries,2005,38209661
Lower-middle-income countries,2005,26537810
Low-income countries,2005,7227899
Africa,2005,16040087
Eastern Africa,2005,4788649
Burundi,2005,192774
Comoros,2005,13209
Djibouti,2005,92110
Eritrea,2005,15905
Ethiopia,2005,514451
Kenya,2005,773354
Madagascar,2005,26058
Malawi,2005,221661
Mauritius,2005,19647
Mayotte,2005,63176
Mozambique,2005,268694
Reunion,2005,115076
Rwanda,2005,423187
Seychelles,2005,8997
Somalia,2005,20768
Uganda,2005,593308
Tanzania,2005,771153
Zambia,2005,252895
Zimbabwe,2005,402226
Middle Africa,2005,1961951
Angola,2005,62331
Cameroon,2005,265503
Central African Republic,2005,96409
Chad,2005,352130
Congo,2005,318724
Democratic Republic of Congo,2005,623009
Equatorial Guinea,2005,6588
Gabon,2005,233824
Sao Tome and Principe,2005,3433
Northern Africa,2005,1749718
Algeria,2005,197728
Egypt,2005,285006
Libya,2005,625412
Morocco,2005,56222
Sudan,2005,546419
Tunisia,2005,35040
Western Sahara,2005,3891
Southern Africa,2005,1582721
Botswana,2005,84661
Eswatini,2005,33392
Lesotho,2005,6290
Namibia,2005,107347
South Africa,2005,1351031
Western Africa,2005,5957048
Benin,2005,248320
Burkina Faso,2005,597658
Cape Verde,2005,12700
Cote d'Ivoire,2005,2265090
Gambia,2005,181839
Ghana,2005,309932
Guinea,2005,233419
Guinea-Bissau,2005,20902
Liberia,2005,87217
Mali,2005,258630
Mauritania,2005,58211
Niger,2005,124509
Nigeria,2005,969714
Saint Helena,2005,163
Senegal,2005,238298
Sierra Leone,2005,146227
Togo,2005,204219
Asia,2005,53249787
Central Asia,2005,5235877
Kazakhstan,2005,3103027
Kyrgyzstan,2005,309399
Tajikistan,2005,280466
Turkmenistan,2005,213053
Uzbekistan,2005,1329932
Eastern Asia,2005,6228684
China,2005,678947
Hong Kong,2005,2721235
Macao,2005,279308
North Korea,2005,40097
Japan,2005,2011555
Mongolia,2005,11477
South Korea,2005,486065
South-Eastern Asia,2005,6750473
Brunei,2005,98441
Cambodia,2005,114096
Indonesia,2005,289310
Laos,2005,20371
Malaysia,2005,1918504
Myanmar,2005,83025
Philippines,2005,257468
Singapore,2005,1710594
Thailand,2005,2195610
Timor-Leste,2005,11286
Vietnam,2005,51768
Southern Asia,2005,13618667
Afghanistan,2005,87314
Bangladesh,2005,1062270
Bhutan,2005,40279
India,2005,5936740
Iran,2005,2552206
Maldives,2005,45045
Nepal,2005,680729
Pakistan,2005,3174558
Sri Lanka,2005,39526
Western Asia,2005,21416086
Armenia,2005,469189
Azerbaijan,2005,301834
Bahrain,2005,404018
Cyprus,2005,122849
Georgia,2005,71296
Iraq,2005,134863
Israel,2005,1889503
Jordan,2005,2198740
Kuwait,2005,1333530
Lebanon,2005,742243
Oman,2005,666164
Qatar,2005,646026
Saudi Arabia,2005,6501819
Palestine,2005,274520
Syria,2005,882398
Turkey,2005,1324108
United Arab Emirates,2005,3281115
Yemen,2005,171871
Europe,2005,63585731
Eastern Europe,2005,19744557
Belarus,2005,1106982
Bulgaria,2005,61074
Czechia,2005,322540
Hungary,2005,366787
Poland,2005,722509
Moldova,2005,171122
Romania,2005,145162
Russia,2005,11667588
Slovakia,2005,130491
Ukraine,2005,5050302
Northern Europe,2005,9588814
Channel Islands,2005,70941
Denmark,2005,440383
Estonia,2005,233701
Faeroe Islands,2005,4583
Finland,2005,192169
Iceland,2005,25492
Ireland,2005,589046
Isle of Man,2005,41475
Latvia,2005,376725
Lithuania,2005,201209
Norway,2005,361144
Sweden,2005,1125790
United Kingdom,2005,5926156
Southern Europe,2005,12004024
Albania,2005,64739
Andorra,2005,50298
Bosnia and Herzegovina,2005,47287
Croatia,2005,579273
Gibraltar,2005,9211
Greece,2005,1190707
Vatican,2005,798
Italy,2005,3954790
Malta,2005,24560
North Macedonia,2005,127667
Portugal,2005,771184
San Marino,2005,4218
Serbia,2005,854848
Slovenia,2005,217218
Spain,2005,4107226
Western Europe,2005,22248336
Austria,2005,1127164
Belgium,2005,1248733
France,2005,6737600
Germany,2005,9402447
Liechtenstein,2005,18898
Luxembourg,2005,150618
Monaco,2005,21312
Netherlands,2005,1736127
Switzerland,2005,1805437
Latin America and the Caribbean,2005,7184113
Caribbean,2005,1275731
Anguilla,2005,4684
Antigua and Barbuda,2005,24741
Aruba,2005,32540
Bahamas,2005,45531
Barbados,2005,30624
Bonaire Sint Eustatius and Saba,2005,14399
British Virgin Islands,2005,15016
Cayman Islands,2005,20679
Cuba,2005,11693
Dominica,2005,4744
Dominican Republic,2005,375417
Grenada,2005,6902
Guadeloupe,2005,89065
Haiti,2005,16360
Jamaica,2005,24284
Martinique,2005,57034
Montserrat,2005,1244
Puerto Rico,2005,352144
Saint Kitts and Nevis,2005,6682
Saint Lucia,2005,9839
Saint Vincent and the Grenadines,2005,4436
Sint Maarten (Dutch part),2005,13099
Trinidad and Tobago,2005,44812
Turks and Caicos Islands,2005,13115
United States Virgin Islands,2005,56647
Central America,2005,1378041
Belize,2005,41438
Costa Rica,2005,358398
El Salvador,2005,36029
Guatemala,2005,57214
Honduras,2005,27934
Mexico,2005,712648
Nicaragua,2005,34919
Panama,2005,109461
South America,2005,4530341
Argentina,2005,1674163
Bolivia,2005,107745
Brazil,2005,638582
Chile,2005,276360
Colombia,2005,106523
Ecuador,2005,189893
Falkland Islands,2005,1166
French Guiana,2005,86468
Guyana,2005,10868
Paraguay,2005,168243
Peru,2005,77877
Suriname,2005,33662
Uruguay,2005,82317
Venezuela,2005,1076474
Northern America,2005,45363089
Bermuda,2005,18108
Canada,2005,6078985
Greenland,2005,6556
Saint Pierre and Miquelon,2005,1147
United States,2005,39258293
Oceania,2005,6024021
Australia and New Zealand,2005,5717982
Australia,2005,4878030
New Zealand,2005,839952
Melanesia,2005,103881
Fiji,2005,12434
New Caledonia,2005,55405
Papua New Guinea,2005,29971
Solomon Islands,2005,3271
Vanuatu,2005,2800
Micronesia (country),2005,128390
Guam,2005,74743
Kiribati,2005,2487
Marshall Islands,2005,2417
Micronesia (region),2005,2905
Nauru,2005,2253
Northern Mariana Islands,2005,37542
Palau,2005,6043
Polynesia,2005,73768
American Samoa,2005,24233
Cook Islands,2005,3277
French Polynesia,2005,32286
Niue,2005,522
Samoa,2005,5746
Tokelau,2005,1003
Tonga,2005,4301
Tuvalu,2005,209
Wallis and Futuna,2005,2191
World,2010,220983187
Sub-Saharan Africa,2010,15854637
Northern Africa and Western Asia,2010,32638434
Central and Southern Asia,2010,19676783
Eastern and South-Eastern Asia,2010,15760463
Latin America and the Caribbean,2010,8326588
Oceania (excluding Australia and New Zealand),2010,298175
Australia and New Zealand,2010,6830423
Europe and Northern America,2010,121597684
Developed regions,2010,130562258
Less developed regions,2010,90420929
"Less developed regions, excluding least developed countries",2010,79989053
"Less developed regions, excluding China",2010,86472612
Least developed countries,2010,10431876
Land-locked Developing Countries (LLDC),2010,11597176
Small island developing States (SIDS),2010,4710457
High-income countries,2010,142642749
Middle-income countries,2010,69069732
Upper-middle-income countries,2010,42080101
Lower-middle-income countries,2010,26989631
Low-income countries,2010,8781206
Africa,2010,17806677
Eastern Africa,2010,4743657
Burundi,2010,247321
Comoros,2010,12618
Djibouti,2010,102307
Eritrea,2010,15813
Ethiopia,2010,568748
Kenya,2010,954925
Madagascar,2010,28905
Malawi,2010,217722
Mauritius,2010,24836
Mayotte,2010,72757
Mozambique,2010,306471
Reunion,2010,123029
Rwanda,2010,426901
Seychelles,2010,11420
Somalia,2010,48106
South Sudan,2010,230732
Uganda,2010,492930
Tanzania,2010,309847
Zambia,2010,149962
Zimbabwe,2010,398307
Middle Africa,2010,2436802
Angola,2010,336367
Cameroon,2010,291474
Central African Republic,2010,94685
Chad,2010,417034
Congo,2010,425173
Democratic Republic of Congo,2010,589882
Equatorial Guinea,2010,8658
Gabon,2010,270829
Sao Tome and Principe,2010,2700
Northern Africa,2010,1952040
Algeria,2010,217268
Egypt,2010,310017
Libya,2010,687192
Morocco,2010,71189
Sudan,2010,618709
Tunisia,2010,43172
Western Sahara,2010,4493
Southern Africa,2010,2352541
Botswana,2010,94863
Eswatini,2010,32637
Lesotho,2010,6414
Namibia,2010,103826
South Africa,2010,2114801
Western Africa,2010,6321637
Benin,2010,309225
Burkina Faso,2010,674438
Cape Verde,2010,14373
Cote d'Ivoire,2010,2366537
Gambia,2010,185837
Ghana,2010,337766
Guinea,2010,178762
Guinea-Bissau,2010,21391
Liberia,2010,99165
Mali,2010,341078
Mauritania,2010,84920
Niger,2010,126482
Nigeria,2010,990494
Saint Helena,2010,248
Senegal,2010,256092
Sierra Leone,2010,79265
Togo,2010,255564
Asia,2010,66123640
Central Asia,2010,5264938
Kazakhstan,2010,3334937
Kyrgyzstan,2010,232065
Tajikistan,2010,279808
Turkmenistan,2010,197979
Uzbekistan,2010,1220149
Eastern Asia,2010,7062527
China,2010,849861
Hong Kong,2010,2779950
Macao,2010,318506
North Korea,2010,44010
Japan,2010,2134151
Mongolia,2010,16062
South Korea,2010,919987
South-Eastern Asia,2010,8697936
Brunei,2010,100587
Cambodia,2010,82028
Indonesia,2010,307487
Laos,2010,32955
Malaysia,2010,2417395
Myanmar,2010,76414
Philippines,2010,208599
Singapore,2010,2164794
Thailand,2010,3234381
Timor-Leste,2010,11540
Vietnam,2010,61756
Southern Asia,2010,14411845
Afghanistan,2010,102276
Bangladesh,2010,1345546
Bhutan,2010,48420
India,2010,5574018
Iran,2010,2722397
Maldives,2010,54659
Nepal,2010,581889
Pakistan,2010,3943681
Sri Lanka,2010,38959
Western Asia,2010,30686394
Armenia,2010,211147
Azerbaijan,2010,276901
Bahrain,2010,666406
Cyprus,2010,188472
Georgia,2010,73078
Iraq,2010,120466
Israel,2010,1956190
Jordan,2010,2786853
Kuwait,2010,1874812
Lebanon,2010,793191
Oman,2010,816234
Qatar,2010,1456413
Saudi Arabia,2010,8429956
Palestine,2010,273840
Syria,2010,1783595
Turkey,2010,1373749
United Arab Emirates,2010,7316697
Yemen,2010,288394
Europe,2010,70627160
Eastern Europe,2010,19110686
Belarus,2010,1090378
Bulgaria,2010,76287
Czechia,2010,398493
Hungary,2010,436616
Poland,2010,642417
Moldova,2010,129488
Romania,2010,177211
Russia,2010,11194710
Slovakia,2010,146319
Ukraine,2010,4818767
Northern Europe,2010,11294937
Channel Islands,2010,77581
Denmark,2010,500772
Estonia,2010,217890
Faeroe Islands,2010,5096
Finland,2010,228481
Iceland,2010,35091
Ireland,2010,730542
Isle of Man,2010,43447
Latvia,2010,313786
Lithuania,2010,160772
Norway,2010,524601
Sweden,2010,1337214
United Kingdom,2010,7119664
Southern Europe,2010,16206273
Albania,2010,52784
Andorra,2010,52053
Bosnia and Herzegovina,2010,38945
Croatia,2010,573248
Gibraltar,2010,10369
Greece,2010,1321149
Vatican,2010,783
Italy,2010,5787893
Malta,2010,33008
Montenegro,2010,78512
North Macedonia,2010,129701
Portugal,2010,762825
San Marino,2010,4880
Serbia,2010,826275
Slovenia,2010,253786
Spain,2010,6280062
Western Europe,2010,24015264
Austria,2010,1274901
Belgium,2010,1503806
France,2010,7309986
Germany,2010,9812263
Liechtenstein,2010,22342
Luxembourg,2010,163142
Monaco,2010,21132
Netherlands,2010,1832510
Switzerland,2010,2075182
Latin America and the Caribbean,2010,8326588
Caribbean,2010,1338893
Anguilla,2010,5103
Antigua and Barbuda,2010,26412
Aruba,2010,34328
Bahamas,2010,54745
Barbados,2010,32825
Bonaire Sint Eustatius and Saba,2010,20941
British Virgin Islands,2010,17076
Cayman Islands,2010,24062
Cuba,2010,7373
Curacao,2010,34630
Dominica,2010,8110
Dominican Republic,2010,395479
Grenada,2010,6980
Guadeloupe,2010,94942
Haiti,2010,17182
Jamaica,2010,23677
Martinique,2010,59575
Montserrat,2010,1291
Puerto Rico,2010,304969
Saint Kitts and Nevis,2010,7245
Saint Lucia,2010,9050
Saint Vincent and the Grenadines,2010,4569
Sint Maarten (Dutch part),2010,26203
Trinidad and Tobago,2010,48226
Turks and Caicos Islands,2010,17216
United States Virgin Islands,2010,56684
Central America,2010,1751028
Belize,2010,46390
Costa Rica,2010,405779
El Salvador,2010,40342
Guatemala,2010,66386
Honduras,2010,27288
Mexico,2010,969710
Nicaragua,2010,37345
Panama,2010,157788
South America,2010,5236667
Argentina,2010,1805957
Bolivia,2010,122846
Brazil,2010,592640
Chile,2010,375388
Colombia,2010,130309
Ecuador,2010,375253
Falkland Islands,2010,1436
French Guiana,2010,96288
Guyana,2010,8182
Paraguay,2010,160299
Peru,2010,104706
Suriname,2010,39713
Uruguay,2010,76303
Venezuela,2010,1347347
Northern America,2010,50970524
Bermuda,2010,18547
Canada,2010,6761226
Greenland,2010,6091
Saint Pierre and Miquelon,2010,1017
United States,2010,44183643
Oceania,2010,7128598
Australia and New Zealand,2010,6830423
Australia,2010,5882980
New Zealand,2010,947443
Melanesia,2010,110691
Fiji,2010,13357
New Caledonia,2010,61158
Papua New Guinea,2010,30425
Solomon Islands,2010,2760
Vanuatu,2010,2991
Micronesia (country),2010,114743
Guam,2010,75416
Kiribati,2010,2868
Marshall Islands,2010,3089
Micronesia (region),2010,2806
Nauru,2010,906
Northern Mariana Islands,2010,24168
Palau,2010,5490
Polynesia,2010,72741
American Samoa,2010,23555
Cook Islands,2010,3769
French Polynesia,2010,31640
Niue,2010,589
Samoa,2010,5122
Tokelau,2010,1128
Tonga,2010,4607
Tuvalu,2010,220
Wallis and Futuna,2010,2111
World,2015,247958644
Sub-Saharan Africa,2015,20721874
Northern Africa and Western Asia,2015,42036092
Central and Southern Asia,2015,19266265
Eastern and South-Eastern Asia,2015,18027810
Latin America and the Caribbean,2015,9441503
Oceania (excluding Australia and New Zealand),2015,302810
Australia and New Zealand,2015,7769466
Europe and Northern America,2015,130392824
Developed regions,2015,140394479
Less developed regions,2015,107564165
"Less developed regions, excluding least developed countries",2015,94124050
"Less developed regions, excluding China",2015,103368940
Least developed countries,2015,13440115
Land-locked Developing Countries (LLDC),2015,13821420
Small island developing States (SIDS),2015,5273967
High-income countries,2015,158516311
Middle-income countries,2015,78597464
Upper-middle-income countries,2015,50991477
Lower-middle-income countries,2015,27605987
Low-income countries,2015,10321749
Africa,2015,22860792
Eastern Africa,2015,6696922
Burundi,2015,298299
Comoros,2015,12555
Djibouti,2015,112351
Eritrea,2015,15941
Ethiopia,2015,1161642
Kenya,2015,1126886
Madagascar,2015,32075
Malawi,2015,197328
Mauritius,2015,28585
Mayotte,2015,81386
Mozambique,2015,321794
Reunion,2015,127209
Rwanda,2015,514647
Seychelles,2015,12791
Somalia,2015,40990
South Sudan,2015,844112
Uganda,2015,851175
Tanzania,2015,384567
Zambia,2015,132107
Zimbabwe,2015,400482
Middle Africa,2015,3479911
Angola,2015,632178
Cameroon,2015,508346
Central African Republic,2015,81568
Chad,2015,466968
Congo,2015,390142
Democratic Republic of Congo,2015,810018
Equatorial Guinea,2015,209611
Gabon,2015,378686
Sao Tome and Principe,2015,2394
Northern Africa,2015,2138918
Algeria,2015,239473
Egypt,2015,353641
Libya,2015,771146
Morocco,2015,92424
Sudan,2015,620523
Tunisia,2015,56532
Western Sahara,2015,5179
Southern Africa,2015,3477903
Botswana,2015,103053
Eswatini,2015,32352
Lesotho,2015,9152
Namibia,2015,101618
South Africa,2015,3231728
Western Africa,2015,7067138
Benin,2015,366284
Burkina Faso,2015,704676
Cape Verde,2015,14924
Cote d'Ivoire,2015,2470613
Gambia,2015,192540
Ghana,2015,414744
Guinea,2015,126657
Guinea-Bissau,2015,22333
Liberia,2015,112111
Mali,2015,420504
Mauritania,2015,166552
Niger,2015,252998
Nigeria,2015,1199115
Saint Helena,2015,377
Senegal,2015,266496
Sierra Leone,2015,58830
Togo,2015,277384
Asia,2015,77191249
Central Asia,2015,5392792
Kazakhstan,2015,3546060
Kyrgyzstan,2015,204382
Tajikistan,2015,275101
Turkmenistan,2015,196376
Uzbekistan,2015,1170873
Eastern Asia,2015,7866663
China,2015,978046
Hong Kong,2015,2841113
Macao,2015,376066
North Korea,2015,48458
Japan,2015,2232189
Mongolia,2015,19886
South Korea,2015,1370905
South-Eastern Asia,2015,10161147
Brunei,2015,102733
Cambodia,2015,73962
Indonesia,2015,338124
Laos,2015,45538
Malaysia,2015,3280681
Myanmar,2015,73309
Philippines,2015,211862
Singapore,2015,2483405
Thailand,2015,3470220
Timor-Leste,2015,8520
Vietnam,2015,72793
Southern Asia,2015,13873473
Afghanistan,2015,339432
Bangladesh,2015,1422179
Bhutan,2015,51106
India,2015,5210847
Iran,2015,2729939
Maldives,2015,64273
Nepal,2015,509471
Pakistan,2015,3506520
Sri Lanka,2015,39706
Western Asia,2015,39897174
Armenia,2015,191199
Azerbaijan,2015,264359
Bahrain,2015,722487
Cyprus,2015,176693
Georgia,2015,76685
Iraq,2015,359352
Israel,2015,2011727
Jordan,2015,3166961
Kuwait,2015,2866136
Lebanon,2015,1916259
Oman,2015,1856226
Qatar,2015,1687640
Saudi Arabia,2015,10771366
Palestine,2015,273163
Syria,2015,835716
Turkey,2015,4346197
United Arab Emirates,2015,7995126
Yemen,2015,379882
Europe,2015,74759083
Eastern Europe,2015,19833989
Belarus,2015,1082905
Bulgaria,2015,123803
Czechia,2015,416454
Hungary,2015,475508
Poland,2015,611855
Moldova,2015,106374
Romania,2015,281048
Russia,2015,11643276
Slovakia,2015,177624
Ukraine,2015,4915142
Northern Europe,2015,13191086
Channel Islands,2015,82307
Denmark,2015,595876
Estonia,2015,194664
Faeroe Islands,2015,5485
Finland,2015,314856
Iceland,2015,39072
Ireland,2015,759256
Isle of Man,2015,42238
Latvia,2015,265418
Lithuania,2015,136021
Norway,2015,746375
Sweden,2015,1602522
United Kingdom,2015,8406996
Southern Europe,2015,15815457
Albania,2015,52031
Andorra,2015,42264
Bosnia and Herzegovina,2015,38597
Croatia,2015,561093
Gibraltar,2015,11065
Greece,2015,1242924
Vatican,2015,790
Italy,2015,5805328
Malta,2015,52642
Montenegro,2015,71719
North Macedonia,2015,130730
Portugal,2015,864814
San Marino,2015,5195
Serbia,2015,807441
Slovenia,2015,237616
Spain,2015,5891208
Western Europe,2015,25918551
Austria,2015,1483123
Belgium,2015,1783488
France,2015,7878338
Germany,2015,10220418
Liechtenstein,2015,23799
Luxembourg,2015,248888
Monaco,2015,25983
Netherlands,2015,1996318
Switzerland,2015,2258196
Latin America and the Caribbean,2015,9441503
Caribbean,2015,1501081
Anguilla,2015,5471
Antigua and Barbuda,2015,28082
Aruba,2015,36114
Bahamas,2015,59241
Barbados,2015,34475
Bonaire Sint Eustatius and Saba,2015,24571
British Virgin Islands,2015,19535
Cayman Islands,2015,26193
Cuba,2015,4649
Curacao,2015,37611
Dominica,2015,8093
Dominican Republic,2015,549289
Grenada,2015,7057
Guadeloupe,2015,90956
Haiti,2015,18047
Jamaica,2015,23165
Martinique,2015,69174
Montserrat,2015,1351
Puerto Rico,2015,280494
Saint Kitts and Nevis,2015,7443
Saint Lucia,2015,8673
Saint Vincent and the Grenadines,2015,4637
Sint Maarten (Dutch part),2015,27295
Trinidad and Tobago,2015,50021
Turks and Caicos Islands,2015,22723
United States Virgin Islands,2015,56721
Central America,2015,1860215
Belize,2015,54615
Costa Rica,2015,411697
El Salvador,2015,42059
Guatemala,2015,74852
Honduras,2015,38330
Mexico,2015,1013691
Nicaragua,2015,40261
Panama,2015,184710
South America,2015,6080207
Argentina,2015,2086301
Bolivia,2015,143008
Brazil,2015,710304
Chile,2015,639724
Colombia,2015,159407
Ecuador,2015,387513
Falkland Islands,2015,1571
French Guiana,2015,106108
Guyana,2015,8661
Paraguay,2015,156462
Peru,2015,154774
Suriname,2015,43127
Uruguay,2015,78799
Venezuela,2015,1404448
Northern America,2015,55633741
Bermuda,2015,19212
Canada,2015,7428657
Greenland,2015,6009
Saint Pierre and Miquelon,2015,986
United States,2015,48178877
Oceania,2015,8072276
Australia and New Zealand,2015,7769466
Australia,2015,6729730
New Zealand,2015,1039736
Melanesia,2015,119343
Fiji,2015,13751
New Caledonia,2015,68881
Papua New Guinea,2015,30940
Solomon Islands,2015,2585
Vanuatu,2015,3186
Micronesia (country),2015,113466
Guam,2015,76089
Kiribati,2015,2919
Marshall Islands,2015,3284
Micronesia (region),2015,2756
Nauru,2015,1833
Northern Mariana Islands,2015,21648
Palau,2015,4937
Polynesia,2015,70001
American Samoa,2015,23513
Cook Islands,2015,4168
French Polynesia,2015,30058
Niue,2015,588
Samoa,2015,4255
Tokelau,2015,1185
Tonga,2015,3954
Tuvalu,2015,230
Wallis and Futuna,2015,2050
World,2020,280598105
Sub-Saharan Africa,2020,22221538
Northern Africa and Western Asia,2020,49767746
Central and Southern Asia,2020,19427576
Eastern and South-Eastern Asia,2020,19591106
Latin America and the Caribbean,2020,14794623
Oceania (excluding Australia and New Zealand),2020,313069
Australia and New Zealand,2020,9067584
Europe and Northern America,2020,145414863
Developed regions,2020,157253443
Less developed regions,2020,123344662
"Less developed regions, excluding least developed countries",2020,107159937
"Less developed regions, excluding China",2020,118939005
Least developed countries,2020,16184725
Land-locked Developing Countries (LLDC),2020,15022720
Small island developing States (SIDS),2020,5678001
High-income countries,2020,181897756
Middle-income countries,2020,85895533
Upper-middle-income countries,2020,57383443
Lower-middle-income countries,2020,28512090
Low-income countries,2020,12232043
Africa,2020,25389464
Eastern Africa,2020,7682801
Burundi,2020,344767
Comoros,2020,12496
Djibouti,2020,119738
Eritrea,2020,13934
Ethiopia,2020,1085517
Kenya,2020,1050147
Madagascar,2020,35563
Malawi,2020,191362
Mauritius,2020,28893
Mayotte,2020,111540
Mozambique,2020,338850
Reunion,2020,131769
Rwanda,2020,513907
Seychelles,2020,13050
Somalia,2020,58590
South Sudan,2020,882252
Uganda,2020,1720313
Tanzania,2020,426017
Zambia,2020,187955
Zimbabwe,2020,416141
Middle Africa,2020,3861568
Angola,2020,656434
Cameroon,2020,579209
Central African Republic,2020,88546
Chad,2020,547494
Congo,2020,387606
Democratic Republic of Congo,2020,952871
Equatorial Guinea,2020,230618
Gabon,2020,416651
Sao Tome and Principe,2020,2139
Northern Africa,2020,3167926
Algeria,2020,250378
Egypt,2020,543937
Libya,2020,826537
Morocco,2020,102358
Sudan,2020,1379147
Tunisia,2020,60145
Western Sahara,2020,5424
Southern Africa,2020,3125072
Botswana,2020,110268
Eswatini,2020,32858
Lesotho,2020,12060
Namibia,2020,109391
South Africa,2020,2860495
Western Africa,2020,7552097
Benin,2020,394276
Burkina Faso,2020,723989
Cape Verde,2020,15788
Cote d'Ivoire,2020,2564857
Gambia,2020,215659
Ghana,2020,476412
Guinea,2020,121437
Guinea-Bissau,2020,17945
Liberia,2020,87947
Mali,2020,485829
Mauritania,2020,182286
Niger,2020,348056
Nigeria,2020,1308568
Saint Helena,2020,437
Senegal,2020,274929
Sierra Leone,2020,53746
Togo,2020,279936
Asia,2020,85618502
Central Asia,2020,5564042
Kazakhstan,2020,3732073
Kyrgyzstan,2020,199011
Tajikistan,2020,276031
Turkmenistan,2020,194920
Uzbekistan,2020,1162007
Eastern Asia,2020,8975729
China,2020,1039675
Hong Kong,2020,2962492
Macao,2020,403490
North Korea,2020,49549
Japan,2020,2770996
Mongolia,2020,21345
South Korea,2020,1728182
South-Eastern Asia,2020,10615377
Brunei,2020,111959
Cambodia,2020,79341
Indonesia,2020,355505
Laos,2020,48731
Malaysia,2020,3476560
Myanmar,2020,76446
Philippines,2020,225525
Singapore,2020,2523648
Thailand,2020,3632496
Timor-Leste,2020,8399
Vietnam,2020,76767
Southern Asia,2020,13863534
Afghanistan,2020,144098
Bangladesh,2020,2115408
Bhutan,2020,53612
India,2020,4878704
Iran,2020,2797235
Maldives,2020,70079
Nepal,2020,487564
Pakistan,2020,3276580
Sri Lanka,2020,40254
Western Asia,2020,46599820
Armenia,2020,190349
Azerbaijan,2020,252228
Bahrain,2020,936094
Cyprus,2020,190366
Georgia,2020,79368
Iraq,2020,365766
Israel,2020,1953575
Jordan,2020,3457691
Kuwait,2020,3110159
Lebanon,2020,1712762
Oman,2020,2372836
Qatar,2020,2226192
Saudi Arabia,2020,13454842
Palestine,2020,272784
Syria,2020,868711
Turkey,2020,6052652
United Arab Emirates,2020,8716332
Yemen,2020,387113
Europe,2020,86706068
Eastern Europe,2020,20835402
Belarus,2020,1067090
Bulgaria,2020,184363
Czechia,2020,540921
Hungary,2020,584567
Poland,2020,817254
Moldova,2020,104438
Romania,2020,705310
Russia,2020,11636911
Slovakia,2020,197161
Ukraine,2020,4997387
Northern Europe,2020,14973861
Channel Islands,2020,84087
Denmark,2020,717574
Estonia,2020,199277
Faeroe Islands,2020,6812
Finland,2020,386052
Iceland,2020,65424
Ireland,2020,871256
Isle of Man,2020,43040
Latvia,2020,239422
Lithuania,2020,145184
Norway,2020,852238
Sweden,2020,2003908
United Kingdom,2020,9359587
Southern Europe,2020,17665688
Albania,2020,48810
Andorra,2020,45574
Bosnia and Herzegovina,2020,36042
Croatia,2020,528056
Gibraltar,2020,11190
Greece,2020,1340456
Vatican,2020,809
Italy,2020,6386998
Malta,2020,114760
Montenegro,2020,70999
North Macedonia,2020,131311
Portugal,2020,1001963
San Marino,2020,5543
Serbia,2020,823011
Slovenia,2020,277964
Spain,2020,6842202
Western Europe,2020,33231117
Austria,2020,1738183
Belgium,2020,2005479
France,2020,8524876
Germany,2020,15762457
Liechtenstein,2020,25877
Luxembourg,2020,298062
Monaco,2020,26601
Netherlands,2020,2358333
Switzerland,2020,2491249
Latin America and the Caribbean,2020,14794623
Caribbean,2020,1605148
Anguilla,2020,5715
Antigua and Barbuda,2020,29386
Aruba,2020,53593
Bahamas,2020,63583
Barbados,2020,34869
Bonaire Sint Eustatius and Saba,2020,26221
British Virgin Islands,2020,22164
Cayman Islands,2020,29242
Cuba,2020,3024
Curacao,2020,57210
Dominica,2020,8284
Dominican Republic,2020,603794
Grenada,2020,7213
Guadeloupe,2020,90206
Haiti,2020,18884
Jamaica,2020,23629
Martinique,2020,68624
Montserrat,2020,1379
Puerto Rico,2020,247132
Saint Kitts and Nevis,2020,7725
Saint Lucia,2020,8338
Saint Vincent and the Grenadines,2020,4738
Sint Maarten (Dutch part),2020,28845
Trinidad and Tobago,2020,78849
Turks and Caicos Islands,2020,25748
United States Virgin Islands,2020,56753
Central America,2020,2302001
Belize,2020,62043
Costa Rica,2020,520729
El Salvador,2020,42767
Guatemala,2020,84311
Honduras,2020,39195
Mexico,2020,1197624
Nicaragua,2020,42167
Panama,2020,313165
South America,2020,10887474
Argentina,2020,2281728
Bolivia,2020,164121
Brazil,2020,1079708
Chile,2020,1645015
Colombia,2020,1905393
Ecuador,2020,784787
Falkland Islands,2020,1957
French Guiana,2020,119249
Guyana,2020,31169
Paraguay,2020,169567
Peru,2020,1224519
Suriname,2020,47801
Uruguay,2020,108267
Venezuela,2020,1324193
Northern America,2020,58708795
Bermuda,2020,19739
Canada,2020,8049323
Greenland,2020,5899
Saint Pierre and Miquelon,2020,998
United States,2020,50632836
Oceania,2020,9380653
Australia and New Zealand,2020,9067584
Australia,2020,7685860
New Zealand,2020,1381724
Melanesia,2020,124073
Fiji,2020,14087
New Caledonia,2020,73141
Papua New Guinea,2020,31068
Solomon Islands,2020,2520
Vanuatu,2020,3257
Micronesia (country),2020,118860
Guam,2020,80472
Kiribati,2020,3126
Marshall Islands,2020,3298
Micronesia (region),2020,2832
Nauru,2020,2201
Northern Mariana Islands,2020,21843
Palau,2020,5088
Polynesia,2020,70136
American Samoa,2020,23608
Cook Islands,2020,4579
French Polynesia,2020,30081
Niue,2020,588
Samoa,2020,4021
Tokelau,2020,1238
Tonga,2020,3742
Tuvalu,2020,239
Wallis and Futuna,2020,2040
